Entries,BO,EN
author,སློབ་དཔོན་དབྱིག་གཉེན།,Vasubandhu
composition_date,,
source,http://purl.bdrc.io/resource/WA0RT3161,
presentation,,
usage_title,,
title_short,དབྱིག་གཉེན། རྡོ་རྗེ་གཅོད་པའི་རྒྱ་ཆེར་འགྲེལ་པ།,"Vasubandhu, The Extensive Commentary on the Seven Points of the Diamond Sutra"
title_long_clean,འཕགས་པ་བཅོམ་ལྡན་འདས་མ་ཤེས་རབ་ཀྱི་ཕ་རོལ་ཏུ་ཕྱིན་པ་རྡོ་རྗེ་གཅོད་པའི་དོན་བདུན་གྱི་རྒྱ་ཆེར་འགྲེལ་པ།,The Extensive Commentary on the Seven Points of the Noble Bhagavatī Mother Prajñāpāramitā Vajracchedikā
title_alt_1,,
title_alt_2,,
title_alt_3,,
title_alt_4,,
title_alt_5,,
is_commentary_of,རྡོ་རྗེ་གཅོད་པ།,Diamond Sutra
is_version_of,,
language,bo,