,,,
Entries,BO,EN,Sankrit
author,སྟོན་པ་བཅོམ་ལྡན་འདས།,Buddha,भगवान् बुद्धः
composition_date,,,2004
source,वज्रच्छेदिका नाम त्रिशतिका प्रज्ञापारमिता,,
presentation,,,
usage_title,,,
title_short,སྟོན་པ་བཅོམ་ལྡན་འདས། རྡོ་རྗེ་གཅོད་པ། ,,
title_long_clean,ཤེས་རབ་ཀྱི་ཕ་རོལ་ཏུ་ཕྱིན་པ་རྡོ་རྗེ་གཅོད་པ་ཞེས་བྱ་བ་ཐེག་པ་ཆེན་པོའི་མདོ། །,,वज्रच्छेदिका नाम त्रिशतिका प्रज्ञापारमिता।
title_alt_1,,,
title_alt_2,,,
title_alt_3,,,
title_alt_4,,,
title_alt_5,,,
is_commentary_of,,,
is_version_of,རྡོ་རྗེ་གཅོད་པ། ,,Parallel Devanāgarī version
language,,,देवनागरी