num,cell,label,url,kind,drive_name,local_file,status,error
A1,Dzongsar!D10,RF67A9A4E རྡོ་རྗེ་གཅོད་པའི་དོན་བདུན་གྱི་རྒྱ་ཆེར་འགྲེལ་པ། - Sentence Segm,https://docs.google.com/document/d/1jX9S6mIfoAszzYYa9gENwlHLCqbZUz-d98zP50FZ93E/edit?tab=t.0,doc,RF67A9A4E རྡོ་རྗེ་གཅོད་པའི་དོན་བདུན་གྱི་རྒྱ་ཆེར་འགྲེལ་པ། - Sentence Segm,Diamond/A1__RF67A9A4E རྡོ་རྗེ་གཅོད་པའི་དོན་བདུན་གྱི་རྒྱ་ཆེར་འགྲེལ་པ། - Sentence Segm.docx,downloaded,
A2,Dzongsar!F10,RF67A9A4E རྡོ་རྗེ་གཅོད་པའི་དོན་བདུན་གྱི་རྒྱ་ཆེར་འགྲེལ་པ། - Citation,https://docs.google.com/document/d/1Iu_Lo3uDGg6DfEAn5tgWdU4ZKSxsiI-jVnVlJElpClU/edit?tab=t.0,doc,RF67A9A4E རྡོ་རྗེ་གཅོད་པའི་དོན་བདུན་གྱི་རྒྱ་ཆེར་འགྲེལ་པ། - Citation,Diamond/A2__RF67A9A4E རྡོ་རྗེ་གཅོད་པའི་དོན་བདུན་གྱི་རྒྱ་ཆེར་འགྲེལ་པ། - Citation.docx,downloaded,
A3,Dzongsar!D11,R4B9A8FB5 རྡོ་རྗེ་གཅོད་བའི་འགྲེལ་བ།_ཅོ་ནེ། Sentence - Segm,https://docs.google.com/document/d/1jfGXFnITA9UU3KO2Xz6VVrTQDSsbDlQt/edit,file,R4B9A8FB5 རྡོ་རྗེ་གཅོད་བའི་འགྲེལ་བ།_ཅོ་ནེ། Sentence - Segm,Diamond/A3__R4B9A8FB5 རྡོ་རྗེ་གཅོད་བའི་འགྲེལ་བ།_ཅོ་ནེ། Sentence - Segm,downloaded,
A4,Dzongsar!F11,R4B9A8FB5 རྡོ་རྗེ་གཅོད་བའི་འགྲེལ་བ།_ཅོ་ནེ། -Citation,https://docs.google.com/document/d/1vGVQgLgEyHvkee8LpAa4u58-RJ0dSmvu/edit,file,R4B9A8FB5 རྡོ་རྗེ་གཅོད་བའི་འགྲེལ་བ།_ཅོ་ནེ། -Citation,Diamond/A4__R4B9A8FB5 རྡོ་རྗེ་གཅོད་བའི་འགྲེལ་བ།_ཅོ་ནེ། -Citation,downloaded,
A5,Dzongsar!D12,RF161D626 རྡོ་རྗེ་གཅོད་པའི་རྒྱ་ཆེར་འགྲེལ་པ། - Sentence-Segm,https://docs.google.com/document/d/1o3H0UwB2b7S4SqRTuhsuQUVPcIoO2LvMAxCrSQJdYyM/edit?tab=t.0,doc,RF161D626 རྡོ་རྗེ་གཅོད་པའི་རྒྱ་ཆེར་འགྲེལ་པ། - Sentence-Segm,Diamond/A5__RF161D626 རྡོ་རྗེ་གཅོད་པའི་རྒྱ་ཆེར་འགྲེལ་པ། - Sentence-Segm.docx,downloaded,
B1,Dzongsar!A9,M42AE7A72 རྡོ་རྗེ་གཅོད་པ། Metadata.xlsx,https://docs.google.com/spreadsheets/d/1qfweXue782RcawYpHym51FDFq3amj7zB/edit,sheet,,,not-found,Drive file page HTTP 404 in every signed-in account (Docs export HTTP 410 Gone) - deleted or trashed
B2,Dzongsar!H10,RF67A9A4E རྡོ་རྗེ་གཅོད་པ་རྩ་བ། - Root text Tsadrel,https://docs.google.com/document/d/1YbH1M2SuojxzlhooOOLzt_wAG6w7-fR8X7_Xyx9HugA/edit,doc,,,not-found,Drive file page HTTP 404 in every signed-in account (Docs export HTTP 410 Gone) - deleted or trashed
B3,Dzongsar!I10,RF67A9A4E རྡོ་རྗེ་གཅོད་པའི་དོན་བདུན་གྱི་རྒྱ་ཆེར་འགྲེལ་པ། - Tsadrel,https://docs.google.com/document/d/1gWYustxDsJLMAdjbeXqyH5jHnR08eQAF3Fvhm61CtTU/edit,doc,,,not-found,Drive file page HTTP 404 in every signed-in account (Docs export HTTP 410 Gone) - deleted or trashed
B4,Dzongsar!H11,R4B9A8FB5 རྡོ་རྗེ་གཅོད་པ་རྩ་བ། - Root text Tsadrel,https://docs.google.com/document/d/1Jr9PWeaval71bIHOA3ts_lWBRQ0eN3SdoF2vqVd7Vus/edit,doc,,,not-found,Drive file page HTTP 404 in every signed-in account (Docs export HTTP 410 Gone) - deleted or trashed
B5,Dzongsar!I11,R4B9A8FB5 རྡོ་རྗེ་གཅོད་བའི་འགྲེལ་བ།_ཅོ་ནེ། - Tsadrel,https://docs.google.com/document/d/1wHeHwLEAbcCHQq62p7fu1igbY1TwZzne9ZrMwT2GOSg/edit,doc,,,not-found,Drive file page HTTP 404 in every signed-in account (Docs export HTTP 410 Gone) - deleted or trashed
B6,Dzongsar!I12,RF161D626 རྡོ་རྗེ་གཅོད་པའི་རྒྱ་ཆེར་འགྲེལ་པ། - Tsadrel,https://docs.google.com/document/d/19w_fbZQvB0_0svsJiVRnZ1Lwmog4rG9Dzp7s51YqYtg/edit,doc,,,not-found,Drive file page HTTP 404 in every signed-in account (Docs export HTTP 410 Gone) - deleted or trashed
B7,Dzongsar!A19,RAF408FDA 金剛般若經贊述- Metadata.xlsx.xlsx,https://docs.google.com/spreadsheets/d/1L27Q3j-1DIyoonB_9Wd5kfQimwxkz2u3/edit,sheet,,,not-found,Drive file page HTTP 404 in every signed-in account (Docs export HTTP 410 Gone) - deleted or trashed
B8,Dzongsar!H19,RAF408FDA 金剛波羅蜜經 - Root text Tsadrel,https://docs.google.com/document/d/1Dsi3ZX2ZgHHFMlqNLPwfBbrkTThDaIgRJwxgDrSHVjg/edit,doc,,,not-found,Drive file page HTTP 404 in every signed-in account (Docs export HTTP 410 Gone) - deleted or trashed
B9,Dzongsar!I19,RAF408FDA 金剛般若經贊述 - Commentary Tsadrel Alignment,https://docs.google.com/document/d/1H7FB-eJLSb1350Z603Z5qJXFndB-KXF_xcCy0wCO92E/edit,doc,,,not-found,Drive file page HTTP 404 in every signed-in account (Docs export HTTP 410 Gone) - deleted or trashed
D1,Tibetan!B133,རྡོ་རྗེ་གཅོད་པ།,https://docs.google.com/document/d/1nicSL2NJSnvcxdBsEoiJpVBXfMFqPYsjnqb-aDjYIuw/edit,folder-item,རྡོ་རྗེ་གཅོད་པ་རྩ་བ།  Root text,Diamond/D1__MD9459054 རྡོ་རྗེ་གཅོད་པ།/It is for reference only/རྡོ་རྗེ་གཅོད་པ་རྩ་བ།  Root text.docx,downloaded,
D1,Tibetan!B133,རྡོ་རྗེ་གཅོད་པ།,https://docs.google.com/document/d/1mP6DrTpC5DM5DbPxK2Skg4gAczM5tllvBe_VvBkK26A/edit,folder-item,རྡོ་རྗེ་གཅོད་པ་རྩ་བ།  Root text - original,Diamond/D1__MD9459054 རྡོ་རྗེ་གཅོད་པ།/It is for reference only/རྡོ་རྗེ་གཅོད་པ་རྩ་བ།  Root text - original.docx,downloaded,
D1,Tibetan!B133,རྡོ་རྗེ་གཅོད་པ།,https://docs.google.com/document/d/12X-7rFAmL53sm13wNqFFlEZR2Euzl5eZpDLJskmCfao/edit,folder-item,Untitled document,Diamond/D1__MD9459054 རྡོ་རྗེ་གཅོད་པ།/other/Untitled document.docx,downloaded,
D1,Tibetan!B133,རྡོ་རྗེ་གཅོད་པ།,https://docs.google.com/spreadsheets/d/1nstg2uqniVpkmcHL2Xp9h1tKRW3yuZMWwes902uu1Ac/edit,folder-item,R0FCDD06D རྗེ་གཅོད་པ་དང་དེའི་འགྲེལ་པ་ཟབ་དོན་གསལ་བའི་ཉི་མ།,Diamond/D1__MD9459054 རྡོ་རྗེ་གཅོད་པ།/Resources/R0FCDD06D རྗེ་གཅོད་པ་དང་དེའི་འགྲེལ་པ་ཟབ་དོན་གསལ་བའི་ཉི་མ།/R0FCDD06D རྗེ་གཅོད་པ་དང་དེའི་འགྲེལ་པ་ཟབ་དོན་གསལ་བའི་ཉི་མ།.xlsx,downloaded,
D1,Tibetan!B133,རྡོ་རྗེ་གཅོད་པ།,https://docs.google.com/document/d/1PF4bN3hPj4bkcoJJPCZUqq9WDTbh9tYaI5Ev9BSkzVY/edit,folder-item,R0FCDD06D རྗེ་གཅོད་པ་དང་དེའི་འགྲེལ་པ་ཟབ་དོན་གསལ་བའི་ཉི་མ། B-2-1-49,Diamond/D1__MD9459054 རྡོ་རྗེ་གཅོད་པ།/Resources/R0FCDD06D རྗེ་གཅོད་པ་དང་དེའི་འགྲེལ་པ་ཟབ་དོན་གསལ་བའི་ཉི་མ།/R0FCDD06D རྗེ་གཅོད་པ་དང་དེའི་འགྲེལ་པ་ཟབ་དོན་གསལ་བའི་ཉི་མ། B-2-1-49.docx,downloaded,
D1,Tibetan!B133,རྡོ་རྗེ་གཅོད་པ།,https://drive.google.com/file/d/1u-2DdTElqCRahtFSAoBdzma9-rO71nTy/view,folder-item,R0FCDD06D རྗེ་གཅོད་པ་དང་དེའི་འགྲེལ་པ་ཟབ་དོན་གསལ་བའི་ཉི་མ། B-2-1-49.pdf,Diamond/D1__MD9459054 རྡོ་རྗེ་གཅོད་པ།/Resources/R0FCDD06D རྗེ་གཅོད་པ་དང་དེའི་འགྲེལ་པ་ཟབ་དོན་གསལ་བའི་ཉི་མ།/R0FCDD06D རྗེ་གཅོད་པ་དང་དེའི་འགྲེལ་པ་ཟབ་དོན་གསལ་བའི་ཉི་མ། B-2-1-49.pdf,downloaded,
D1,Tibetan!B133,རྡོ་རྗེ་གཅོད་པ།,https://docs.google.com/spreadsheets/d/1FbjOosniFbUTd1d436ZlsxYeizlxy3PA655g2TQCfs0/edit,folder-item,R11C87001 རྡོ་རྗེ་གཅོད་པ་བཀླག་པའི་ཆོ་ག་ལེགས་ཚོགས་ཀུན་འབྱུང་སོགས།,Diamond/D1__MD9459054 རྡོ་རྗེ་གཅོད་པ།/Resources/R11C87001 རྡོ་རྗེ་གཅོད་པ་བཀླག་པའི་ཆོ་ག་ལེགས་ཚོགས་ཀུན་འབྱུང་སོགས།/R11C87001 རྡོ་རྗེ་གཅོད་པ་བཀླག་པའི་ཆོ་ག་ལེགས་ཚོགས་ཀུན་འབྱུང་སོགས།.xlsx,downloaded,
D1,Tibetan!B133,རྡོ་རྗེ་གཅོད་པ།,https://docs.google.com/spreadsheets/d/124QelircCIWScqWY8DIDF5LqIDy6gvv1oSY797ngQKs/edit,folder-item,R1273BDF4 འཕགས་པ་ཤེས་རབ་ཀྱི་ཕ་རོལ་ཏུ་ཕྱིན་པ་རྡོ་རྗེ་གཅོད་པའི་སྔོན་བྱུང་བའི་ཕན་ཡོན་འགའ་ཞིག་བསྟན་པའི་རྟོགས་བརྗོད།,Diamond/D1__MD9459054 རྡོ་རྗེ་གཅོད་པ།/Resources/R1273BDF4 འཕགས་པ་ཤེས་རབ་ཀྱི་ཕ་རོལ་ཏུ་ཕྱིན་པ་རྡོ་རྗེ་གཅོད་པའི་སྔོན་བྱུང་བའི་ཕན་ཡོན་འགའ་ཞིག་བསྟན་པའི་རྟོགས་བརྗོད།/R1273BDF4 འཕགས་པ་ཤེས་རབ་ཀྱི་ཕ་རོལ་ཏུ་ཕྱིན་པ་རྡོ་རྗེ་གཅོད་པའི་སྔོན་བྱུང་བའི་ཕན་ཡོན་འགའ་ཞིག་བསྟན་པའི་རྟོགས་བརྗོད།.xlsx,downloaded,
D1,Tibetan!B133,རྡོ་རྗེ་གཅོད་པ།,https://docs.google.com/spreadsheets/d/1ZmAkdjVrkDVhAnUyur5fHo4tlaQtITWOItmnW--G2y0/edit,folder-item,R148B53FF,Diamond/D1__MD9459054 རྡོ་རྗེ་གཅོད་པ།/Resources/R148B53FF/R148B53FF.xlsx,downloaded,
D1,Tibetan!B133,རྡོ་རྗེ་གཅོད་པ།,https://docs.google.com/document/d/1NJUXO51orukyQQAQCfx7-0gXJOIY_at3fB--g-XM0iA/edit,folder-item,R3452D71B རྡོ་རྗེ་གཅོད་པའི་བསྡུས་དོན་འགྲེལ་པ་ཀ་མ་ལ་ཤཱི་ལའི་ཞལ་ལུང་བཞོགས་སོ།,Diamond/D1__MD9459054 རྡོ་རྗེ་གཅོད་པ།/Resources/R3452D71B རྡོ་རྗེ་གཅོད་པའི་བསྡུས་དོན་འགྲེལ་པ་ཀ་མ་ལ་ཤཱི་ལའི་ཞལ་ལུང་བཞོགས་སོ།/R3452D71B རྡོ་རྗེ་གཅོད་པའི་བསྡུས་དོན་འགྲེལ་པ་ཀ་མ་ལ་ཤཱི་ལའི་ཞལ་ལུང་བཞོགས་སོ།.docx,downloaded,
D1,Tibetan!B133,རྡོ་རྗེ་གཅོད་པ།,https://docs.google.com/spreadsheets/d/1Fkw1wmuO8a6fv9XucaXkKsBOQ7oe2SStIPdAtpPk6zo/edit,folder-item,R3452D71B རྡོ་རྗེ་གཅོད་པའི་བསྡུས་དོན་འགྲེལ་པ་ཀ་མ་ལ་ཤཱི་ལའི་ཞལ་ལུང་བཞོགས་སོ།,Diamond/D1__MD9459054 རྡོ་རྗེ་གཅོད་པ།/Resources/R3452D71B རྡོ་རྗེ་གཅོད་པའི་བསྡུས་དོན་འགྲེལ་པ་ཀ་མ་ལ་ཤཱི་ལའི་ཞལ་ལུང་བཞོགས་སོ།/R3452D71B རྡོ་རྗེ་གཅོད་པའི་བསྡུས་དོན་འགྲེལ་པ་ཀ་མ་ལ་ཤཱི་ལའི་ཞལ་ལུང་བཞོགས་སོ།.xlsx,downloaded,
D1,Tibetan!B133,རྡོ་རྗེ་གཅོད་པ།,https://drive.google.com/file/d/1j2vGOUH2PmwfKhTxa9hMzahA48fjkNUh/view,folder-item,R3452D71B རྡོ་རྗེ་གཅོད་པའི་བསྡུས་དོན་འགྲེལ་པ་ཀ་མ་ལ་ཤཱི་ལའི་ཞལ་ལུང་བཞོགས་སོ།.pdf,Diamond/D1__MD9459054 རྡོ་རྗེ་གཅོད་པ།/Resources/R3452D71B རྡོ་རྗེ་གཅོད་པའི་བསྡུས་དོན་འགྲེལ་པ་ཀ་མ་ལ་ཤཱི་ལའི་ཞལ་ལུང་བཞོགས་སོ།/R3452D71B རྡོ་རྗེ་གཅོད་པའི་བསྡུས་དོན་འགྲེལ་པ་ཀ་མ་ལ་ཤཱི་ལའི་ཞལ་ལུང་བཞོགས་སོ།.pdf,downloaded,
D1,Tibetan!B133,རྡོ་རྗེ་གཅོད་པ།,https://docs.google.com/document/d/1YVeXx9DQPYFJRAoLTWOToB9unEVLvK8RPqby1Z20wn8/edit,folder-item,Sanskrit,Diamond/D1__MD9459054 རྡོ་རྗེ་གཅོད་པ།/Resources/R3C4E9ABF རྡོ་རྗེ་གཅོད་པ་རྩ་འགྲེལ།/Sanskrit.docx,downloaded,
D1,Tibetan!B133,རྡོ་རྗེ་གཅོད་པ།,https://docs.google.com/document/d/1WllhvydGNn0de3DEwQ8qK-bIUq6oOS9FQhfwiaYQzDA/edit,folder-item,རྡོ་རྗེ་གཅོད་པ་རྩ་འགྲེལ། R3C4E9ABF,Diamond/D1__MD9459054 རྡོ་རྗེ་གཅོད་པ།/Resources/R3C4E9ABF རྡོ་རྗེ་གཅོད་པ་རྩ་འགྲེལ།/རྡོ་རྗེ་གཅོད་པ་རྩ་འགྲེལ། R3C4E9ABF.docx,downloaded,
D1,Tibetan!B133,རྡོ་རྗེ་གཅོད་པ།,https://docs.google.com/spreadsheets/d/1kbmvomcX6TcRsdmsyacHYouSY5Q7WkLj2EKGBK1JMEU/edit,folder-item,རྡོ་རྗེ་གཅོད་པ་རྩ་འགྲེལ། R3C4E9ABF,Diamond/D1__MD9459054 རྡོ་རྗེ་གཅོད་པ།/Resources/R3C4E9ABF རྡོ་རྗེ་གཅོད་པ་རྩ་འགྲེལ།/རྡོ་རྗེ་གཅོད་པ་རྩ་འགྲེལ། R3C4E9ABF.xlsx,downloaded,
D1,Tibetan!B133,རྡོ་རྗེ་གཅོད་པ།,https://drive.google.com/file/d/1esoXhijQ6WRIPftnQxomxyRFh3jGnoc5/view,folder-item,རྡོ་རྗེ་གཅོད་པ་རྩ་འགྲེལ། R3C4E9ABF.pdf,Diamond/D1__MD9459054 རྡོ་རྗེ་གཅོད་པ།/Resources/R3C4E9ABF རྡོ་རྗེ་གཅོད་པ་རྩ་འགྲེལ།/རྡོ་རྗེ་གཅོད་པ་རྩ་འགྲེལ། R3C4E9ABF.pdf,downloaded,
D1,Tibetan!B133,རྡོ་རྗེ་གཅོད་པ།,https://docs.google.com/spreadsheets/d/1aNk2xH1H_bypP9LRmdTCiKNDH4UICZqBI3Gem9llHLY/edit,folder-item,R42AE7A72,Diamond/D1__MD9459054 རྡོ་རྗེ་གཅོད་པ།/Resources/R42AE7A72/R42AE7A72.xlsx,downloaded,
D1,Tibetan!B133,རྡོ་རྗེ་གཅོད་པ།,https://drive.google.com/file/d/17AekLGD0L4tnW8P8-9_hWf4mVfL8NVA5/view,folder-item,R4B9A8FB5 R4B9A8FB5 རྗེ་གཅོད་པ་དང་དེའི་འགྲེལ་པ་ཟབ་དོན་གསལ་བའི་ཉི་མ།.pdf,Diamond/D1__MD9459054 རྡོ་རྗེ་གཅོད་པ།/Resources/R4B9A8FB5 རྗེ་གཅོད་པ་དང་དེའི་འགྲེལ་པ་ཟབ་དོན་གསལ་བའི་ཉི་མ།/R4B9A8FB5 R4B9A8FB5 རྗེ་གཅོད་པ་དང་དེའི་འགྲེལ་པ་ཟབ་དོན་གསལ་བའི་ཉི་མ།.pdf,downloaded,
D1,Tibetan!B133,རྡོ་རྗེ་གཅོད་པ།,https://docs.google.com/spreadsheets/d/1PzGjgwT_wSjhXN9aeIsXYP6wsQhz70QW2axKjBwAeTg/edit,folder-item,R4B9A8FB5 རྗེ་གཅོད་པ་དང་དེའི་འགྲེལ་པ་ཟབ་དོན་གསལ་བའི་ཉི་མ།,Diamond/D1__MD9459054 རྡོ་རྗེ་གཅོད་པ།/Resources/R4B9A8FB5 རྗེ་གཅོད་པ་དང་དེའི་འགྲེལ་པ་ཟབ་དོན་གསལ་བའི་ཉི་མ།/R4B9A8FB5 རྗེ་གཅོད་པ་དང་དེའི་འགྲེལ་པ་ཟབ་དོན་གསལ་བའི་ཉི་མ།.xlsx,downloaded,
D1,Tibetan!B133,རྡོ་རྗེ་གཅོད་པ།,https://docs.google.com/document/d/1P7YMlTIwrLiIr-2iiQFtYjrNP9GyiELveA3_jloEEN8/edit,folder-item,R4B9A8FB5 རྗེ་གཅོད་པ་དང་དེའི་འགྲེལ་པ་ཟབ་དོན་གསལ་བའི་ཉི་མ།,Diamond/D1__MD9459054 རྡོ་རྗེ་གཅོད་པ།/Resources/R4B9A8FB5 རྗེ་གཅོད་པ་དང་དེའི་འགྲེལ་པ་ཟབ་དོན་གསལ་བའི་ཉི་མ།/R4B9A8FB5 རྗེ་གཅོད་པ་དང་དེའི་འགྲེལ་པ་ཟབ་དོན་གསལ་བའི་ཉི་མ།.docx,downloaded,
D1,Tibetan!B133,རྡོ་རྗེ་གཅོད་པ།,https://docs.google.com/document/d/1egL_FWlsj0wWbB4PDXsqcronyVE6Kq0IGKlA2-TyHrc/edit,folder-item,R4B9A8FB5 རྗེ་གཅོད་པ་དང་དེའི་འགྲེལ་པ་ཟབ་དོན་གསལ་བའི་ཉི་མ།  ས་བཅད།,Diamond/D1__MD9459054 རྡོ་རྗེ་གཅོད་པ།/Resources/R4B9A8FB5 རྗེ་གཅོད་པ་དང་དེའི་འགྲེལ་པ་ཟབ་དོན་གསལ་བའི་ཉི་མ།/R4B9A8FB5 རྗེ་གཅོད་པ་དང་དེའི་འགྲེལ་པ་ཟབ་དོན་གསལ་བའི་ཉི་མ།  ས་བཅད།.docx,downloaded,
D1,Tibetan!B133,རྡོ་རྗེ་གཅོད་པ།,https://docs.google.com/document/d/1DRuN5j56GdYaJd9Nk2kNjFMEWxFF-TKgqR4nLEjqyFo/edit,folder-item,R4B9A8FB5 རྡོ་རྗེ་གཅོད་བའི་འགྲེལ་བ།_ཅོ་ནེ། Segm,Diamond/D1__MD9459054 རྡོ་རྗེ་གཅོད་པ།/Resources/R4B9A8FB5 རྗེ་གཅོད་པ་དང་དེའི་འགྲེལ་པ་ཟབ་དོན་གསལ་བའི་ཉི་མ།/R4B9A8FB5 རྡོ་རྗེ་གཅོད་བའི་འགྲེལ་བ།_ཅོ་ནེ། Segm.docx,downloaded,
D1,Tibetan!B133,རྡོ་རྗེ་གཅོད་པ།,https://docs.google.com/spreadsheets/d/1ZLtkAeloFVqx6NANG0Y6aBDYP7DqbxbgITODJ2PTULU/edit,folder-item,R516B98DE,Diamond/D1__MD9459054 རྡོ་རྗེ་གཅོད་པ།/Resources/R516B98DE/R516B98DE.xlsx,downloaded,
D1,Tibetan!B133,རྡོ་རྗེ་གཅོད་པ།,https://docs.google.com/spreadsheets/d/197elhRn_zA5OgBDtywI4BaYPtRCuNuNxRrhhPSvm5Gc/edit,folder-item,R5BC12BB9 རྡོ་རྗེ་གཅོད་པའི་ཕན་ཡོན།,Diamond/D1__MD9459054 རྡོ་རྗེ་གཅོད་པ།/Resources/R5BC12BB9 རྡོ་རྗེ་གཅོད་པའི་ཕན་ཡོན།/R5BC12BB9 རྡོ་རྗེ་གཅོད་པའི་ཕན་ཡོན།.xlsx,downloaded,
D1,Tibetan!B133,རྡོ་རྗེ་གཅོད་པ།,https://docs.google.com/spreadsheets/d/1jRCYTROOHwRaHOiUQ-c61HoAxkh2NlXV4mq_tpDW9PE/edit,folder-item,R63DF2D51,Diamond/D1__MD9459054 རྡོ་རྗེ་གཅོད་པ།/Resources/R63DF2D51/R63DF2D51.xlsx,downloaded,
D1,Tibetan!B133,རྡོ་རྗེ་གཅོད་པ།,https://docs.google.com/spreadsheets/d/1CIkqO5Urv6BeiBHsB0XqK7OCdSmLPGxzYiraosAHO0s/edit,folder-item,R73DD069C,Diamond/D1__MD9459054 རྡོ་རྗེ་གཅོད་པ།/Resources/R73DD069C/R73DD069C.xlsx,downloaded,
D1,Tibetan!B133,རྡོ་རྗེ་གཅོད་པ།,https://docs.google.com/spreadsheets/d/11306sCuJBrLdQ2H8fNbNHM_xG43iIZ96kemwURs_ITg/edit,folder-item,R76E83977 རྡོ་རྗེ་གཅོད་པའི་ཕན་ཡོན།,Diamond/D1__MD9459054 རྡོ་རྗེ་གཅོད་པ།/Resources/R76E83977 རྡོ་རྗེ་གཅོད་པའི་ཕན་ཡོན།/R76E83977 རྡོ་རྗེ་གཅོད་པའི་ཕན་ཡོན།.xlsx,downloaded,
D1,Tibetan!B133,རྡོ་རྗེ་གཅོད་པ།,https://docs.google.com/document/d/1PTToPKQJdJA5hQkXcQuwXhhTQx64WODX2o2d3WFtHzg/edit,folder-item,R76E83977 རྡོ་རྗེ་གཅོད་པའི་ཕན་ཡོན། - B2,Diamond/D1__MD9459054 རྡོ་རྗེ་གཅོད་པ།/Resources/R76E83977 རྡོ་རྗེ་གཅོད་པའི་ཕན་ཡོན།/R76E83977 རྡོ་རྗེ་གཅོད་པའི་ཕན་ཡོན། - B2.docx,downloaded,
D1,Tibetan!B133,རྡོ་རྗེ་གཅོད་པ།,https://drive.google.com/file/d/1vMPCsMvVrxOB4tt5CQP9lY5DIJIi3DNQ/view,folder-item,R76E83977 རྡོ་རྗེ་གཅོད་པའི་ཕན་ཡོན། - B2.pdf,Diamond/D1__MD9459054 རྡོ་རྗེ་གཅོད་པ།/Resources/R76E83977 རྡོ་རྗེ་གཅོད་པའི་ཕན་ཡོན།/R76E83977 རྡོ་རྗེ་གཅོད་པའི་ཕན་ཡོན། - B2.pdf,downloaded,
D1,Tibetan!B133,རྡོ་རྗེ་གཅོད་པ།,https://docs.google.com/spreadsheets/d/1Jg3xsPWxAdUoxrTCi11H9t3xhXs5zRQxYwUmfUJfNjk/edit,folder-item,R8965F818 རྡོ་རྗེ་གཅོད་པའི་པར་བྱང་སྨོན་ཚག་སོགས་ཚན་ཆུང་དགུ།,Diamond/D1__MD9459054 རྡོ་རྗེ་གཅོད་པ།/Resources/R8965F818 རྡོ་རྗེ་གཅོད་པའི་པར་བྱང་སྨོན་ཚག་སོགས་ཚན་ཆུང་དགུ།/R8965F818 རྡོ་རྗེ་གཅོད་པའི་པར་བྱང་སྨོན་ཚག་སོགས་ཚན་ཆུང་དགུ།.xlsx,downloaded,
D1,Tibetan!B133,རྡོ་རྗེ་གཅོད་པ།,https://docs.google.com/spreadsheets/d/19fA1rZJg9qUHAzaU6Pw9f_qt5BayYA8ZJ55SzCkljQ0/edit,folder-item,R929D981D,Diamond/D1__MD9459054 རྡོ་རྗེ་གཅོད་པ།/Resources/R929D981D/R929D981D.xlsx,downloaded,
D1,Tibetan!B133,རྡོ་རྗེ་གཅོད་པ།,https://docs.google.com/spreadsheets/d/16SchVWf2SOuOWEuJ-gMNlJuNxCl2RGr7ialFvQKtD0Y/edit,folder-item,RA4C8CD1D རྡོ་རྗེ་གཅོད་པ་ཞེས་བྱ་བའི་ཐེག་པ་ཆེན་པོའི་མདོའི་པར་བྱང་སྨོན་ཚིག,Diamond/D1__MD9459054 རྡོ་རྗེ་གཅོད་པ།/Resources/RA4C8CD1D རྡོ་རྗེ་གཅོད་པ་ཞེས་བྱ་བའི་ཐེག་པ་ཆེན་པོའི་མདོའི་པར་བྱང་སྨོན་ཚིག/RA4C8CD1D རྡོ་རྗེ་གཅོད་པ་ཞེས་བྱ་བའི་ཐེག་པ་ཆེན་པོའི་མདོའི་པར་བྱང་སྨོན་ཚིག.xlsx,downloaded,
D1,Tibetan!B133,རྡོ་རྗེ་གཅོད་པ།,https://docs.google.com/spreadsheets/d/1cLhr0HK209cZ00whBuVLHB3iPPC2DHKL3l5DP12dQd8/edit,folder-item,RA7B0B9B8 སྲིད་བློན་ཞོལ་ཁང་པས་རྡོ་རྗེ་གཅོད་པའི་དར་གསར་བསྐྲུན་མཛད་པའི་དགེ་བསྔོའི་ཚིགས་སུ་བཅད་པ།,Diamond/D1__MD9459054 རྡོ་རྗེ་གཅོད་པ།/Resources/RA7B0B9B8 སྲིད་བློན་ཞོལ་ཁང་པས་རྡོ་རྗེ་གཅོད་པའི་དར་གསར་བསྐྲུན་མཛད་པའི་དགེ་བསྔོའི་ཚིགས་སུ་བཅད་པ།/RA7B0B9B8 སྲིད་བློན་ཞོལ་ཁང་པས་རྡོ་རྗེ་གཅོད་པའི་དར་གསར་བསྐྲུན་མཛད་པའི་དགེ་བསྔོའི་ཚིགས་སུ་བཅད་པ།.xlsx,downloaded,
D1,Tibetan!B133,རྡོ་རྗེ་གཅོད་པ།,https://docs.google.com/spreadsheets/d/1pmZQqOmlpk7nMSbgCXOuy-R3f3fwXokXbKkIFcmJvZQ/edit,folder-item,RA8EE8EA4 རྡོ་རྗེ་གཅོད་པའི་པར་བྱང་སྨོན་ཚག་སོགས་ཚན་ཆུང་དགུ།,Diamond/D1__MD9459054 རྡོ་རྗེ་གཅོད་པ།/Resources/RA8EE8EA4 རྡོ་རྗེ་གཅོད་པའི་པར་བྱང་སྨོན་ཚག་སོགས་ཚན་ཆུང་དགུ།/RA8EE8EA4 རྡོ་རྗེ་གཅོད་པའི་པར་བྱང་སྨོན་ཚག་སོགས་ཚན་ཆུང་དགུ།.xlsx,downloaded,
D1,Tibetan!B133,རྡོ་རྗེ་གཅོད་པ།,https://docs.google.com/spreadsheets/d/1u3lcvoDRED6bZag6dCjuR2j4oK0e9RcMYeEFkfr3ByQ/edit,folder-item,RBAEB0D9B ཤེར་ཕྱིན་རྡོ་རྗེ་གཅོད་པའི་པར་བྱང་སྨོན་ཚིག,Diamond/D1__MD9459054 རྡོ་རྗེ་གཅོད་པ།/Resources/RBAEB0D9B ཤེར་ཕྱིན་རྡོ་རྗེ་གཅོད་པའི་པར་བྱང་སྨོན་ཚིག/RBAEB0D9B ཤེར་ཕྱིན་རྡོ་རྗེ་གཅོད་པའི་པར་བྱང་སྨོན་ཚིག.xlsx,downloaded,
D1,Tibetan!B133,རྡོ་རྗེ་གཅོད་པ།,https://docs.google.com/spreadsheets/d/1JQuugnYx1CsRi-QwCdcBVVZ0e_iRDXPmOspgKTtz6LM/edit,folder-item,RBBE6F8F7 ཤེས་རབ་ཀྱི་ཕ་རོལ་ཏུ་ཕྱིན་པ་རྡོ་རྗེ་གཅོད་པའི་ཕན་ཡོན་བཤད་པའི་མདོ།,Diamond/D1__MD9459054 རྡོ་རྗེ་གཅོད་པ།/Resources/RBBE6F8F7 ཤེས་རབ་ཀྱི་ཕ་རོལ་ཏུ་ཕྱིན་པ་རྡོ་རྗེ་གཅོད་པའི་ཕན་ཡོན་བཤད་པའི་མདོ།/RBBE6F8F7 ཤེས་རབ་ཀྱི་ཕ་རོལ་ཏུ་ཕྱིན་པ་རྡོ་རྗེ་གཅོད་པའི་ཕན་ཡོན་བཤད་པའི་མདོ།.xlsx,downloaded,
D1,Tibetan!B133,རྡོ་རྗེ་གཅོད་པ།,https://docs.google.com/spreadsheets/d/1cyERfYUjmSZgkgxiXzfp0tZmGOH6_B2-9oghvm9Idu8/edit,folder-item,RBE36FBD7 རྡོ་རྗེ་གཅོད་པའི་ཕན་ཡོན།,Diamond/D1__MD9459054 རྡོ་རྗེ་གཅོད་པ།/Resources/RBE36FBD7 རྡོ་རྗེ་གཅོད་པའི་ཕན་ཡོན།/RBE36FBD7 རྡོ་རྗེ་གཅོད་པའི་ཕན་ཡོན།.xlsx,downloaded,
D1,Tibetan!B133,རྡོ་རྗེ་གཅོད་པ།,https://docs.google.com/spreadsheets/d/19Gw39zEStdEO2Xjv7Nkr6lJSAk1JiDFFkjCPbQQGZU8/edit,folder-item,RC5DC9D56 ​དེའི་བཤེར་པར། རྡོ་རྗེ་གཅོད་པ། ༼སཾ་བོད་ཤན་སྦྱར།༽,Diamond/D1__MD9459054 རྡོ་རྗེ་གཅོད་པ།/Resources/RC5DC9D56 ​དེའི་བཤེར་པར། རྡོ་རྗེ་གཅོད་པ། ༼སཾ་བོད་ཤན་སྦྱར།༽/RC5DC9D56 ​དེའི་བཤེར་པར། རྡོ་རྗེ་གཅོད་པ། ༼སཾ་བོད་ཤན་སྦྱར།༽.xlsx,downloaded,
D1,Tibetan!B133,རྡོ་རྗེ་གཅོད་པ།,https://docs.google.com/spreadsheets/d/1jjpg2zkiaJUQFDmVcFTqlc-jCIO5_0umSY8DwfqFOWM/edit,folder-item,RCF35F3AA མདོ་སྡེ་ཟབ་མོ་རྡོ་རྗེ་གཅོད་པ་བཀླག་པའི་ཆོ་ག་ལེགས་ཚོགས་ཀུན་འབྱུང་སོགས།,Diamond/D1__MD9459054 རྡོ་རྗེ་གཅོད་པ།/Resources/RCF35F3AA མདོ་སྡེ་ཟབ་མོ་རྡོ་རྗེ་གཅོད་པ་བཀླག་པའི་ཆོ་ག་ལེགས་ཚོགས་ཀུན་འབྱུང་སོགས།/RCF35F3AA མདོ་སྡེ་ཟབ་མོ་རྡོ་རྗེ་གཅོད་པ་བཀླག་པའི་ཆོ་ག་ལེགས་ཚོགས་ཀུན་འབྱུང་སོགས།.xlsx,downloaded,
D1,Tibetan!B133,རྡོ་རྗེ་གཅོད་པ།,https://docs.google.com/spreadsheets/d/1dfOZjIihZT0un_Xdm76_sC7nWrSjYvignXdfN-U6FrE/edit,folder-item,RD9459054 འཕགས་པ་ཤེས་རབ་ཀྱི་ཕ་རོལ་ཏུ་ཕྱིན་པ་རྡོ་རྗེ་གཅོད་པའི་སྔོན་བྱུང་བའི་ཕན་ཡོན་འགའ་ཞིག་བསྟན་པའི་རྟོགས་བརྗོད།,Diamond/D1__MD9459054 རྡོ་རྗེ་གཅོད་པ།/Resources/RD9459054 འཕགས་པ་ཤེས་རབ་ཀྱི་ཕ་རོལ་ཏུ་ཕྱིན་པ་རྡོ་རྗེ་གཅོད་པའི་སྔོན་བྱུང་བའི་ཕན་ཡོན་འགའ་ཞིག་བསྟན་པའི་རྟོགས་བརྗོད།/RD9459054 འཕགས་པ་ཤེས་རབ་ཀྱི་ཕ་རོལ་ཏུ་ཕྱིན་པ་རྡོ་རྗེ་གཅོད་པའི་སྔོན་བྱུང་བའི་ཕན་ཡོན་འགའ་ཞིག་བསྟན་པའི་རྟོགས་བརྗོད།.xlsx,downloaded,
D1,Tibetan!B133,རྡོ་རྗེ་གཅོད་པ།,https://docs.google.com/spreadsheets/d/14-y3R0WpRHkWifjxvy8KiMUVzGlorImtsHUnx26VUqM/edit,folder-item,RDA495EC8 རྡོར་གཅོད་ཀྱི་འགྲེལ་པ་ཐར་པར་བགྲོད་པའི་ལམ་བཟང་ཟབ་དོན་གསལ་བའི་ཉི་མ།,Diamond/D1__MD9459054 རྡོ་རྗེ་གཅོད་པ།/Resources/RDA495EC8 རྡོར་གཅོད་ཀྱི་འགྲེལ་པ་ཐར་པར་བགྲོད་པའི་ལམ་བཟང་ཟབ་དོན་གསལ་བའི་ཉི་མ།/RDA495EC8 རྡོར་གཅོད་ཀྱི་འགྲེལ་པ་ཐར་པར་བགྲོད་པའི་ལམ་བཟང་ཟབ་དོན་གསལ་བའི་ཉི་མ།.xlsx,downloaded,
D1,Tibetan!B133,རྡོ་རྗེ་གཅོད་པ།,https://docs.google.com/spreadsheets/d/1OsVBuQulI8dkG__upNmdh2lzLGbk-RkfjUDo6jx-3M4/edit,folder-item,RED73DFD0 ཏུན་ཧོང་ཡིག་ཚང་ཁྲོད་ཀྱི་ས་ལུ་ལྗང་པ་དང་རྡོ་རྗེ་གཅོད་པའི་མཆན་འགྲེལ།,Diamond/D1__MD9459054 རྡོ་རྗེ་གཅོད་པ།/Resources/RED73DFD0 ཏུན་ཧོང་ཡིག་ཚང་ཁྲོད་ཀྱི་ས་ལུ་ལྗང་པ་དང་རྡོ་རྗེ་གཅོད་པའི་མཆན་འགྲེལ།/RED73DFD0 ཏུན་ཧོང་ཡིག་ཚང་ཁྲོད་ཀྱི་ས་ལུ་ལྗང་པ་དང་རྡོ་རྗེ་གཅོད་པའི་མཆན་འགྲེལ།.xlsx,downloaded,
D1,Tibetan!B133,རྡོ་རྗེ་གཅོད་པ།,https://drive.google.com/file/d/1ZBuYrEtmkBza4-uDZdU2j7o8GBQwvhhO/view,folder-item,W3CN22346-extracts.pdf,Diamond/D1__MD9459054 རྡོ་རྗེ་གཅོད་པ།/Resources/RED73DFD0 ཏུན་ཧོང་ཡིག་ཚང་ཁྲོད་ཀྱི་ས་ལུ་ལྗང་པ་དང་རྡོ་རྗེ་གཅོད་པའི་མཆན་འགྲེལ།/W3CN22346-extracts.pdf,downloaded,
D1,Tibetan!B133,རྡོ་རྗེ་གཅོད་པ།,https://drive.google.com/file/d/1nVcoYM__pNtJ9aKMb5cziWBqHg0RahSA/view,folder-item,E4BF16EE འཕགས་པ་ཤེས་རབ་ཀྱི་ཕ་རོལ་ཏུ་ཕྱིན་པ་རྡོ་རྗེ་གཅོད་པའི་རྒྱ་ཆེར་འགྲེལ་པ།-1,,failed,"Drive shortcut (not a file) listed in the folder; opening the shortcut returns HTTP 404 in every signed-in account, so its target could not be resolved (target probably deleted or not shared with you)"
D1,Tibetan!B133,རྡོ་རྗེ་གཅོད་པ།,https://drive.google.com/file/d/1eUCznekItOjgTcCYH1CFx52ONE_TCUjq/view,folder-item,E4BF16EE འཕགས་པ་ཤེས་རབ་ཀྱི་ཕ་རོལ་ཏུ་ཕྱིན་པ་རྡོ་རྗེ་གཅོད་པའི་རྒྱ་ཆེར་འགྲེལ་པ།-2,,failed,"Drive shortcut (not a file) listed in the folder; opening the shortcut returns HTTP 404 in every signed-in account, so its target could not be resolved (target probably deleted or not shared with you)"
D1,Tibetan!B133,རྡོ་རྗེ་གཅོད་པ།,https://drive.google.com/file/d/17dfGS0di99PWMYTdEnUramMYGn0XqaCG/view,folder-item,E4BF16EE འཕགས་པ་ཤེས་རབ་ཀྱི་ཕ་རོལ་ཏུ་ཕྱིན་པ་རྡོ་རྗེ་གཅོད་པའི་རྒྱ་ཆེར་འགྲེལ་པ།-3,,failed,"Drive shortcut (not a file) listed in the folder; opening the shortcut returns HTTP 404 in every signed-in account, so its target could not be resolved (target probably deleted or not shared with you)"
D1,Tibetan!B133,རྡོ་རྗེ་གཅོད་པ།,https://drive.google.com/file/d/1rbjhDQ-QZEA7kvKB3HbldvCjjojK5C1V/view,folder-item,E4BF16EE འཕགས་པ་ཤེས་རབ་ཀྱི་ཕ་རོལ་ཏུ་ཕྱིན་པ་རྡོ་རྗེ་གཅོད་པའི་རྒྱ་ཆེར་འགྲེལ་པ།-4,,failed,"Drive shortcut (not a file) listed in the folder; opening the shortcut returns HTTP 404 in every signed-in account, so its target could not be resolved (target probably deleted or not shared with you)"
D1,Tibetan!B133,རྡོ་རྗེ་གཅོད་པ།,https://docs.google.com/spreadsheets/d/1t3og3IgfG25SrFr8JTKv7zo3pEnpxmxItcLvvfLpfS4/edit,folder-item,RF161D626 འཕགས་པ་ཤེས་རབ་ཀྱི་ཕ་རོལ་ཏུ་ཕྱིན་པ་རྡོ་རྗེ་གཅོད་པའི་རྒྱ་ཆེར་འགྲེལ་པ།,Diamond/D1__MD9459054 རྡོ་རྗེ་གཅོད་པ།/Resources/RF161D626 འཕགས་པ་ཤེས་རབ་ཀྱི་ཕ་རོལ་ཏུ་ཕྱིན་པ་རྡོ་རྗེ་གཅོད་པའི་རྒྱ་ཆེར་འགྲེལ་པ།/RF161D626 འཕགས་པ་ཤེས་རབ་ཀྱི་ཕ་རོལ་ཏུ་ཕྱིན་པ་རྡོ་རྗེ་གཅོད་པའི་རྒྱ་ཆེར་འགྲེལ་པ།.xlsx,downloaded,
D1,Tibetan!B133,རྡོ་རྗེ་གཅོད་པ།,https://docs.google.com/spreadsheets/d/1qUJ8xjKNeq7EqrQ_CkYfjukX7u9BK5yiJRNz6NkQbUE/edit,folder-item,RF67A9A4E འཕགས་པ་བཅོམ་ལྡན་འདས་མ་ཤེས་རབ་ཀྱི་ཕ་རོལ་ཏུ་ཕྱིན་པ་རྡོ་རྗེ་གཅོད་པའི་དོན་བདུན་གྱི་རྒྱ་ཆེར་འགྲེལ་པ།,Diamond/D1__MD9459054 རྡོ་རྗེ་གཅོད་པ།/Resources/RF67A9A4E འཕགས་པ་བཅོམ་ལྡན་འདས་མ་ཤེས་རབ་ཀྱི་ཕ་རོལ་ཏུ་ཕྱིན་པ་རྡོ་རྗེ་གཅོད་པའི་དོན་བདུན་གྱི་རྒྱ་ཆེར་འགྲེལ་པ།/RF67A9A4E འཕགས་པ་བཅོམ་ལྡན་འདས་མ་ཤེས་རབ་ཀྱི་ཕ་རོལ་ཏུ་ཕྱིན་པ་རྡོ་རྗེ་གཅོད་པའི་དོན་བདུན་གྱི་རྒྱ་ཆེར་འགྲེལ་པ།.xlsx,downloaded,
D1,Tibetan!B133,རྡོ་རྗེ་གཅོད་པ།,https://docs.google.com/spreadsheets/d/1rFF902Zd2jcbciyk6Qg1VNv4P9cinJgZqRR3NRgeJ_c/edit,folder-item,Resources_catalog རྒྱུ་ཆའི་དཀར་ཆག,Diamond/D1__MD9459054 རྡོ་རྗེ་གཅོད་པ།/Resources/Resources_catalog རྒྱུ་ཆའི་དཀར་ཆག.xlsx,downloaded,
D1,Tibetan!B133,རྡོ་རྗེ་གཅོད་པ།,https://docs.google.com/spreadsheets/d/1o7-1eq9gjXqcuExeDyXn38IZT4VSpkLm3TN6_6Sfduw/edit,folder-item,A commentary in English,Diamond/D1__MD9459054 རྡོ་རྗེ་གཅོད་པ།/Resources (English and other Langauges)/A commentary in English.xlsx,downloaded,
D1,Tibetan!B133,རྡོ་རྗེ་གཅོད་པ།,https://docs.google.com/document/d/1efijVOsY2sDdmIgTVSoxXB7-oeyH9KOF1YYvmpaS1Fo/edit,folder-item,translated by  Yao Qin Tianzhu Tripitaka Kumarajiva,Diamond/D1__MD9459054 རྡོ་རྗེ་གཅོད་པ།/Root texts in English/translated by  Yao Qin Tianzhu Tripitaka Kumarajiva.docx,downloaded,
D1,Tibetan!B133,རྡོ་རྗེ་གཅོད་པ།,https://docs.google.com/document/d/1BvRFRcI-K2qjAfYihEx5q1v6J_XZloStj84gYvKMQSI/edit,folder-item,Translated by the Chung Tai Translation Committee January 2009,Diamond/D1__MD9459054 རྡོ་རྗེ་གཅོད་པ།/Root texts in English/Translated by the Chung Tai Translation Committee January 2009.docx,downloaded,
D1,Tibetan!B133,རྡོ་རྗེ་གཅོད་པ།,https://docs.google.com/document/d/1qOeU7YBm1fD8gQ4UZwL10AoQK4Um7MipXn4ihQfHFUA/edit,folder-item,Translated by Tripitaka Master Kumarajiva of Yao Qin.,Diamond/D1__MD9459054 རྡོ་རྗེ་གཅོད་པ།/Root texts in English/Translated by Tripitaka Master Kumarajiva of Yao Qin..docx,downloaded,
D1,Tibetan!B133,རྡོ་རྗེ་གཅོད་པ།,https://docs.google.com/document/d/1mtnY3i9sLxNTYKTtffTer1JeO-aN4JwuWcGi3BffhOs/edit,folder-item,Translated into English by Hanifa and the True Buddha School Vajra Sutra Translation Team,Diamond/D1__MD9459054 རྡོ་རྗེ་གཅོད་པ།/Root texts in English/Translated into English by Hanifa and the True Buddha School Vajra Sutra Translation Team.docx,downloaded,
D1,Tibetan!B133,རྡོ་རྗེ་གཅོད་པ།,https://docs.google.com/document/d/1gKzfTRVRlpoey_kU_7ocPiLVKYbqgB54M3NhBRfN_aI/edit,folder-item,translation is by Alex Johnson.,Diamond/D1__MD9459054 རྡོ་རྗེ་གཅོད་པ།/Root texts in English/translation is by Alex Johnson..docx,downloaded,
D1,Tibetan!B133,རྡོ་རྗེ་གཅོད་པ།,https://docs.google.com/document/d/1uISaW2HYeS3vCPeAhiDTn-RmwDkM1B7kvhMGTEPyfp0/edit,folder-item,M42AE7A72  རྡོ་རྗེ་གཅོད་པ་རྩ་བ།  Tsadel,Diamond/D1__MD9459054 རྡོ་རྗེ་གཅོད་པ།//M42AE7A72  རྡོ་རྗེ་གཅོད་པ་རྩ་བ།  Tsadel.docx,downloaded,
D1,Tibetan!B133,རྡོ་རྗེ་གཅོད་པ།,https://docs.google.com/spreadsheets/d/1Lir7m1480rLM-XAWyd1-2z3Cy-tVX02FJaMIU77yZig/edit,folder-item,M42AE7A72  རྡོ་རྗེ་གཅོད་པ།,Diamond/D1__MD9459054 རྡོ་རྗེ་གཅོད་པ།//M42AE7A72  རྡོ་རྗེ་གཅོད་པ།.xlsx,downloaded,
D1,Tibetan!B133,རྡོ་རྗེ་གཅོད་པ།,https://docs.google.com/document/d/17Z10V3ECRcZBKeE2g5R2uyLa06KGyrnj19z18qbtmMc/edit,folder-item,M42AE7A72 རྡོ་རྗེ་གཅོད་པ་རྩ་བ།  Clean Root text,Diamond/D1__MD9459054 རྡོ་རྗེ་གཅོད་པ།//M42AE7A72 རྡོ་རྗེ་གཅོད་པ་རྩ་བ།  Clean Root text.docx,downloaded,
D1,Tibetan!B133,རྡོ་རྗེ་གཅོད་པ།,https://docs.google.com/document/d/1CwAvhq0bV3mRtry3HNRYgWlAyvwv2ZQei2XYNOOqOaY/edit,folder-item,Root text_Wikisource,Diamond/D1__MD9459054 རྡོ་རྗེ་གཅོད་པ།//Root text_Wikisource.docx,downloaded,
D2,Tibetan!C134,ནང་པའི་ལྟ་གྲུབ། རྡོ་རྗེ་གཅོད་པ། https://docs.google.com/docu,https://docs.google.com/document/d/1P7YMlTIwrLiIr-2iiQFtYjrNP9GyiELveA3_jloEEN8/edit?tab=t.0,doc,R4B9A8FB5 རྗེ་གཅོད་པ་དང་དེའི་འགྲེལ་པ་ཟབ་དོན་གསལ་བའི་ཉི་མ། ,Diamond/D2__R4B9A8FB5 རྗེ་གཅོད་པ་དང་དེའི་འགྲེལ་པ་ཟབ་དོན་གསལ་བའི་ཉི་མ།.docx,downloaded,
D3,Tibetan!C135,E4C456D1 འཕགས་པ་བཅོམ་ལྡན་འདས་མ་ཤེས་རབ་ཀྱི་ཕ་རོལ་ཏུ་ཕྱིན་པ་རྡོ་རྗེ་གཅོད་པའི་དོན་བདུན་གྱི་རྒ,https://drive.google.com/open?id=1d8DQUXJHagKwY_MHlhVIh6atWdv5U92QEHzXW8c8T-g&usp=drive_copy,doc,E4C456D1 འཕགས་པ་བཅོམ་ལྡན་འདས་མ་ཤེས་རབ་ཀྱི་ཕ་རོལ་ཏུ་ཕྱིན་པ་རྡོ་རྗེ་གཅོད་པའི་དོན་བདུན་གྱི་རྒྱ་ཆེར་འགྲེལ་པ། Segm,Diamond/D3__E4C456D1 འཕགས་པ་བཅོམ་ལྡན་འདས་མ་ཤེས་རབ་ཀྱི་ཕ་རོལ་ཏུ་ཕྱིན་པ་རྡོ་རྗེ་གཅོད་པའི་དོན་བདུན་གྱི་རྒྱ་ཆེར་འགྲེལ་པ། Segm.docx,downloaded,
D4,Tibetan!C136,E4BF16EE འཕགས་པ་ཤེས་རབ་ཀྱི་ཕ་རོལ་ཏུ་ཕྱིན་པ་རྡོ་རྗེ་གཅོད་པའི་རྒྱ་ཆེར་འགྲེལ་པ། sentence segn,https://drive.google.com/open?id=1xxZH1FKn43PLDKpNdD3PWJoYXm8p-VDV0OjSTPwH-Cc&usp=drive_copy,doc,E4BF16EE འཕགས་པ་ཤེས་རབ་ཀྱི་ཕ་རོལ་ཏུ་ཕྱིན་པ་རྡོ་རྗེ་གཅོད་པའི་རྒྱ་ཆེར་འགྲེལ་པ། Segm,Diamond/D4__E4BF16EE འཕགས་པ་ཤེས་རབ་ཀྱི་ཕ་རོལ་ཏུ་ཕྱིན་པ་རྡོ་རྗེ་གཅོད་པའི་རྒྱ་ཆེར་འགྲེལ་པ། Segm.docx,downloaded,
D5,Chinese!B2,MFF4994FD The Diamond Sūtra in Chinese 金剛經,https://docs.google.com/spreadsheets/d/1FkgTAGdyJonnSK2zYUxewdAWfSUc_1tE5d-bQtiMy_8/edit,folder-item,R0087B705,Diamond/D5__MFF4994FD The Diamond Sūtra in Chinese 金剛經/Resources/R0087B705/R0087B705.xlsx,downloaded,
D5,Chinese!B2,MFF4994FD The Diamond Sūtra in Chinese 金剛經,https://docs.google.com/spreadsheets/d/1IY5nXefK8x3UicFzyKJNOJYXfn4pCuNFx-wz__eXY_Q/edit,folder-item,R0284F05B,Diamond/D5__MFF4994FD The Diamond Sūtra in Chinese 金剛經/Resources/R0284F05B/R0284F05B.xlsx,downloaded,
D5,Chinese!B2,MFF4994FD The Diamond Sūtra in Chinese 金剛經,https://docs.google.com/spreadsheets/d/1m4g3ve1bLtb4tHULMyoNKF6pfV3M0oIQuVm4tutthUA/edit,folder-item,R033D9313,Diamond/D5__MFF4994FD The Diamond Sūtra in Chinese 金剛經/Resources/R033D9313/R033D9313.xlsx,downloaded,
D5,Chinese!B2,MFF4994FD The Diamond Sūtra in Chinese 金剛經,https://docs.google.com/spreadsheets/d/1NoVl_i1pUzQ-JjRwWI1b_z3fn_m713EDn8TNgJfo3Zk/edit,folder-item,R20000B75,Diamond/D5__MFF4994FD The Diamond Sūtra in Chinese 金剛經/Resources/R20000B75/R20000B75.xlsx,downloaded,
D5,Chinese!B2,MFF4994FD The Diamond Sūtra in Chinese 金剛經,https://docs.google.com/spreadsheets/d/1BVduFG9ZqNJ8WmN2O4eQ1MO89DQuof3_lOk88zy0kzM/edit,folder-item,R21761C71,Diamond/D5__MFF4994FD The Diamond Sūtra in Chinese 金剛經/Resources/R21761C71/R21761C71.xlsx,downloaded,
D5,Chinese!B2,MFF4994FD The Diamond Sūtra in Chinese 金剛經,https://docs.google.com/spreadsheets/d/1VqtX-wxQWobTdt7InNwDSGVmCuUSGPG7USeQJv4iAe4/edit,folder-item,R2248FA9B,Diamond/D5__MFF4994FD The Diamond Sūtra in Chinese 金剛經/Resources/R2248FA9B/R2248FA9B.xlsx,downloaded,
D5,Chinese!B2,MFF4994FD The Diamond Sūtra in Chinese 金剛經,https://docs.google.com/spreadsheets/d/1IrVQ2jmhfhEg60RgD6sfqB892Ax6X3OpVqme-9PSLNk/edit,folder-item,R265914FC,Diamond/D5__MFF4994FD The Diamond Sūtra in Chinese 金剛經/Resources/R265914FC/R265914FC.xlsx,downloaded,
D5,Chinese!B2,MFF4994FD The Diamond Sūtra in Chinese 金剛經,https://docs.google.com/spreadsheets/d/1iB-lXhLfgofoyWj6xdXriZaIw_xFeI9trUC9woRmGl4/edit,folder-item,R29778577,Diamond/D5__MFF4994FD The Diamond Sūtra in Chinese 金剛經/Resources/R29778577/R29778577.xlsx,downloaded,
D5,Chinese!B2,MFF4994FD The Diamond Sūtra in Chinese 金剛經,https://docs.google.com/spreadsheets/d/1ZvpqFkzW20G7pHfocN9zHVMOrJ16_MmI5m1eBzku2C0/edit,folder-item,R2A8AD21D金剛經解義,Diamond/D5__MFF4994FD The Diamond Sūtra in Chinese 金剛經/Resources/R2A8AD21D金剛經解義/R2A8AD21D金剛經解義.xlsx,downloaded,
D5,Chinese!B2,MFF4994FD The Diamond Sūtra in Chinese 金剛經,https://docs.google.com/document/d/18Pl2OGDcfHTUCwcbaQl32-6so_EjvhdbcKgB9wsdpEI/edit,folder-item,R2A8AD21D金剛經解義,Diamond/D5__MFF4994FD The Diamond Sūtra in Chinese 金剛經/Resources/R2A8AD21D金剛經解義/R2A8AD21D金剛經解義.docx,downloaded,
D5,Chinese!B2,MFF4994FD The Diamond Sūtra in Chinese 金剛經,https://docs.google.com/document/d/17FYXjJS197duutry4I9QC35CZJvyx5uFxYVIvDyvWyA/edit,folder-item,R2A8AD21D金剛經解義-Commentary Tsadrel Alignment,Diamond/D5__MFF4994FD The Diamond Sūtra in Chinese 金剛經/Resources/R2A8AD21D金剛經解義/R2A8AD21D金剛經解義-Commentary Tsadrel Alignment.docx,downloaded,
D5,Chinese!B2,MFF4994FD The Diamond Sūtra in Chinese 金剛經,https://docs.google.com/document/d/1WiJm2afsImzvLxk9FxWSwDCjP3W7E-SPpK9BWzK7fGI/edit,folder-item,R2A8AD21D金剛般若波羅蜜經  - Root text Tsadrel,Diamond/D5__MFF4994FD The Diamond Sūtra in Chinese 金剛經/Resources/R2A8AD21D金剛經解義/R2A8AD21D金剛般若波羅蜜經  - Root text Tsadrel.docx,downloaded,
D5,Chinese!B2,MFF4994FD The Diamond Sūtra in Chinese 金剛經,https://docs.google.com/document/d/1ph2BhTInyar809Gp8YanQdcoNTFuzF3Rjkvunfl-KBE/edit,folder-item,R2BF994FF 《金剛經》講記,Diamond/D5__MFF4994FD The Diamond Sūtra in Chinese 金剛經/Resources/R2BF994FF 《金剛經》講記/R2BF994FF 《金剛經》講記.docx,downloaded,
D5,Chinese!B2,MFF4994FD The Diamond Sūtra in Chinese 金剛經,https://docs.google.com/spreadsheets/d/1kRoDsbqqv8o8SLJyTUrXTqFqIs4TKWkzuikDZqiSEN4/edit,folder-item,R2BF994FF 《金剛經》講記,Diamond/D5__MFF4994FD The Diamond Sūtra in Chinese 金剛經/Resources/R2BF994FF 《金剛經》講記/R2BF994FF 《金剛經》講記.xlsx,downloaded,
D5,Chinese!B2,MFF4994FD The Diamond Sūtra in Chinese 金剛經,https://docs.google.com/spreadsheets/d/1002epQfHRebYqlI1y9bV3HiDG-JA59gIn2UGbr9sH_Q/edit,folder-item,R2FB78325 金剛般若波羅密經講義,Diamond/D5__MFF4994FD The Diamond Sūtra in Chinese 金剛經/Resources/R2FB78325 金剛般若波羅密經講義/R2FB78325 金剛般若波羅密經講義.xlsx,downloaded,
D5,Chinese!B2,MFF4994FD The Diamond Sūtra in Chinese 金剛經,https://docs.google.com/document/d/1_7qJZEpbXf6ovbkc8WbgA6gdbvghZB0p62mnSmz9cNs/edit,folder-item,R2FB78325 金剛般若波羅密經講義,Diamond/D5__MFF4994FD The Diamond Sūtra in Chinese 金剛經/Resources/R2FB78325 金剛般若波羅密經講義/R2FB78325 金剛般若波羅密經講義.docx,downloaded,
D5,Chinese!B2,MFF4994FD The Diamond Sūtra in Chinese 金剛經,https://docs.google.com/document/d/1dBWk43i1p5xuCP2uuVNZn44vnUC6C6oUgmTEGA-K4cM/edit,folder-item,R2FB78325 金剛般若波羅密經講義- Commentary Tsadrel Alignment,Diamond/D5__MFF4994FD The Diamond Sūtra in Chinese 金剛經/Resources/R2FB78325 金剛般若波羅密經講義/R2FB78325 金剛般若波羅密經講義- Commentary Tsadrel Alignment.docx,downloaded,
D5,Chinese!B2,MFF4994FD The Diamond Sūtra in Chinese 金剛經,https://docs.google.com/document/d/1XRMn1E3R7qthQl3PTH1TpQqe5yV2I8TCrHrIXWl4Fkk/edit,folder-item,R2FB78325 金剛般若波羅密經講義- Root text Tsadrel,Diamond/D5__MFF4994FD The Diamond Sūtra in Chinese 金剛經/Resources/R2FB78325 金剛般若波羅密經講義/R2FB78325 金剛般若波羅密經講義- Root text Tsadrel.docx,downloaded,
D5,Chinese!B2,MFF4994FD The Diamond Sūtra in Chinese 金剛經,https://docs.google.com/spreadsheets/d/1OLKUF9bIF264QGTSjnDBtkkA1k43ufXRDn1Da6w62Sw/edit,folder-item,R33F54D81,Diamond/D5__MFF4994FD The Diamond Sūtra in Chinese 金剛經/Resources/R33F54D81/R33F54D81.xlsx,downloaded,
D5,Chinese!B2,MFF4994FD The Diamond Sūtra in Chinese 金剛經,https://docs.google.com/document/d/1Wpy0dascVl1DW_qXLnXN4rsLUuXikRy2klWjzIbvJHw/edit,folder-item,R3E4D8B99金剛經講話,Diamond/D5__MFF4994FD The Diamond Sūtra in Chinese 金剛經/Resources/R3E4D8B99金剛經講話/R3E4D8B99金剛經講話.docx,downloaded,
D5,Chinese!B2,MFF4994FD The Diamond Sūtra in Chinese 金剛經,https://docs.google.com/spreadsheets/d/14AfNrrQztTHjtzwUPGdzC4-qI_Ry4HKVNcFLj7Y4KZc/edit,folder-item,R3E4D8B99金剛經講話,Diamond/D5__MFF4994FD The Diamond Sūtra in Chinese 金剛經/Resources/R3E4D8B99金剛經講話/R3E4D8B99金剛經講話.xlsx,downloaded,
D5,Chinese!B2,MFF4994FD The Diamond Sūtra in Chinese 金剛經,https://docs.google.com/document/d/1fB1AMjrG3C3TXkEYxM3vsduJ3b1W-IDAg4Zf33dRVjA/edit,folder-item,R3E4D8B99金剛經講話- Commentary Tsadrel Alignment,Diamond/D5__MFF4994FD The Diamond Sūtra in Chinese 金剛經/Resources/R3E4D8B99金剛經講話/R3E4D8B99金剛經講話- Commentary Tsadrel Alignment.docx,downloaded,
D5,Chinese!B2,MFF4994FD The Diamond Sūtra in Chinese 金剛經,https://docs.google.com/spreadsheets/d/1BrF96S_Mcb27Znf1qORidWSM9cCjn4Juwxp53nh3nyQ/edit,folder-item,R3F92F3A2,Diamond/D5__MFF4994FD The Diamond Sūtra in Chinese 金剛經/Resources/R3F92F3A2/R3F92F3A2.xlsx,downloaded,
D5,Chinese!B2,MFF4994FD The Diamond Sūtra in Chinese 金剛經,https://docs.google.com/spreadsheets/d/1iy2faOEG3K2VyaJuHX_x7MzytHvr3pjzLlmS5UFbAwU/edit,folder-item,R40CD2C0C,Diamond/D5__MFF4994FD The Diamond Sūtra in Chinese 金剛經/Resources/R40CD2C0C/R40CD2C0C.xlsx,downloaded,
D5,Chinese!B2,MFF4994FD The Diamond Sūtra in Chinese 金剛經,https://docs.google.com/document/d/1s2auzDl5vrRizIiNdtBNnUQjRlmquiZW_iQGfm5FWPg/edit,folder-item,R434373A0 金剛波羅蜜經  - Root text Tsadrel,Diamond/D5__MFF4994FD The Diamond Sūtra in Chinese 金剛經/Resources/R434373A0金剛般若波羅蜜經論/R434373A0 金剛波羅蜜經  - Root text Tsadrel.docx,downloaded,
D5,Chinese!B2,MFF4994FD The Diamond Sūtra in Chinese 金剛經,https://docs.google.com/document/d/1B7UlbkpSJECu_0zf33ie8tjbE_BF1JZK0cXLeW8tHBE/edit,folder-item,R434373A0金剛般若波羅蜜經論,Diamond/D5__MFF4994FD The Diamond Sūtra in Chinese 金剛經/Resources/R434373A0金剛般若波羅蜜經論/R434373A0金剛般若波羅蜜經論.docx,downloaded,
D5,Chinese!B2,MFF4994FD The Diamond Sūtra in Chinese 金剛經,https://docs.google.com/document/d/1X-8h2yenIVbXKA6LHEbKMub0MfkgfqKK4v5J9T-1Rjg/edit,folder-item,R434373A0金剛般若波羅蜜經論 - Clean Formatted Text with TOC.docx,Diamond/D5__MFF4994FD The Diamond Sūtra in Chinese 金剛經/Resources/R434373A0金剛般若波羅蜜經論/R434373A0金剛般若波羅蜜經論 - Clean Formatted Text with TOC.docx,downloaded,
D5,Chinese!B2,MFF4994FD The Diamond Sūtra in Chinese 金剛經,https://docs.google.com/document/d/1f-BZ0TJSxW-LQGh6VIyYlK1xiQYKOTjEzwVO8bm7Aac/edit,folder-item,R434373A0金剛般若波羅蜜經論 - Commentary Tsadrel Alignment,Diamond/D5__MFF4994FD The Diamond Sūtra in Chinese 金剛經/Resources/R434373A0金剛般若波羅蜜經論/R434373A0金剛般若波羅蜜經論 - Commentary Tsadrel Alignment.docx,downloaded,
D5,Chinese!B2,MFF4994FD The Diamond Sūtra in Chinese 金剛經,https://docs.google.com/spreadsheets/d/1tgG4rztMlqS6ylWti6PqScBfvA1htAYISVTB3zv9BWo/edit,folder-item,R434373A0金剛般若波羅蜜經論 - Metadata,Diamond/D5__MFF4994FD The Diamond Sūtra in Chinese 金剛經/Resources/R434373A0金剛般若波羅蜜經論/R434373A0金剛般若波羅蜜經論 - Metadata.xlsx,downloaded,
D5,Chinese!B2,MFF4994FD The Diamond Sūtra in Chinese 金剛經,https://docs.google.com/spreadsheets/d/1WPeg9v8CTCGKXENID4dRoiku6iDEpyaus34UFwHgGfU/edit,folder-item,R43644D12金剛般若波羅蜜經論 Metadata,Diamond/D5__MFF4994FD The Diamond Sūtra in Chinese 金剛經/Resources/R43644D12金剛般若波羅蜜經論/R43644D12金剛般若波羅蜜經論 Metadata.xlsx,downloaded,
D5,Chinese!B2,MFF4994FD The Diamond Sūtra in Chinese 金剛經,https://docs.google.com/document/d/1SdZj_tFj0-ZeBSbBD20_7-drDBpKm8k_mJy34Tx64k0/edit,folder-item,R43644D12金剛般若波羅蜜經論 Table of Content,Diamond/D5__MFF4994FD The Diamond Sūtra in Chinese 金剛經/Resources/R43644D12金剛般若波羅蜜經論/R43644D12金剛般若波羅蜜經論 Table of Content.docx,downloaded,
D5,Chinese!B2,MFF4994FD The Diamond Sūtra in Chinese 金剛經,https://docs.google.com/document/d/10H8EOLc1bAGXx6d-zArRvFmLSeBqcb4WoxKhZcIbpIE/edit,folder-item,金剛般若波羅蜜經,Diamond/D5__MFF4994FD The Diamond Sūtra in Chinese 金剛經/Resources/R43644D12金剛般若波羅蜜經論/金剛般若波羅蜜經.docx,downloaded,
D5,Chinese!B2,MFF4994FD The Diamond Sūtra in Chinese 金剛經,https://docs.google.com/spreadsheets/d/1C__kntg_Kn_IE9g6OH7cQGFnAq5S7BUEqxtDbrfXr5g/edit,folder-item,R4890700F,Diamond/D5__MFF4994FD The Diamond Sūtra in Chinese 金剛經/Resources/R4890700F/R4890700F.xlsx,downloaded,
D5,Chinese!B2,MFF4994FD The Diamond Sūtra in Chinese 金剛經,https://docs.google.com/spreadsheets/d/1U-jHd8VF-W_nJL76EUV_dTUI0nwI9QKmTC_8MUkOBmY/edit,folder-item,R496C3445,Diamond/D5__MFF4994FD The Diamond Sūtra in Chinese 金剛經/Resources/R496C3445/R496C3445.xlsx,downloaded,
D5,Chinese!B2,MFF4994FD The Diamond Sūtra in Chinese 金剛經,https://docs.google.com/spreadsheets/d/16PlqFwUbIQmt4rfXMbyLMM1BwY9EhALpVKH9js1mEBk/edit,folder-item,R49CDC1CB,Diamond/D5__MFF4994FD The Diamond Sūtra in Chinese 金剛經/Resources/R49CDC1CB/R49CDC1CB.xlsx,downloaded,
D5,Chinese!B2,MFF4994FD The Diamond Sūtra in Chinese 金剛經,https://docs.google.com/spreadsheets/d/13PJ1p4L-BSM4_8zB3MDnnAyBR8i6QNBNGhx3QHnzha8/edit,folder-item,R4A506F31,Diamond/D5__MFF4994FD The Diamond Sūtra in Chinese 金剛經/Resources/R4A506F31/R4A506F31.xlsx,downloaded,
D5,Chinese!B2,MFF4994FD The Diamond Sūtra in Chinese 金剛經,https://docs.google.com/spreadsheets/d/1moGAzq9s8tN1fOryw6d6rBzzdW_GMLJiroZhdBxZSXc/edit,folder-item,R55E1C74F,Diamond/D5__MFF4994FD The Diamond Sūtra in Chinese 金剛經/Resources/R55E1C74F/R55E1C74F.xlsx,downloaded,
D5,Chinese!B2,MFF4994FD The Diamond Sūtra in Chinese 金剛經,https://docs.google.com/spreadsheets/d/1QiMzP9TNYgaYvS1xCm1PzAAjAVqCgWa_iqKMkO2u7qE/edit,folder-item,R5BD7C949,Diamond/D5__MFF4994FD The Diamond Sūtra in Chinese 金剛經/Resources/R5BD7C949/R5BD7C949.xlsx,downloaded,
D5,Chinese!B2,MFF4994FD The Diamond Sūtra in Chinese 金剛經,https://docs.google.com/spreadsheets/d/10Y_82g_BVbWmCsKtOOeidAdhBYXvH1P34UKTEGX3s_c/edit,folder-item,R5E92ECAA,Diamond/D5__MFF4994FD The Diamond Sūtra in Chinese 金剛經/Resources/R5E92ECAA/R5E92ECAA.xlsx,downloaded,
D5,Chinese!B2,MFF4994FD The Diamond Sūtra in Chinese 金剛經,https://docs.google.com/spreadsheets/d/1fSkIxgNFE6DOYb3imnMofc9KG1tQ4aZWuxi3c06nJFw/edit,folder-item,R611E0FFB,Diamond/D5__MFF4994FD The Diamond Sūtra in Chinese 金剛經/Resources/R611E0FFB/R611E0FFB.xlsx,downloaded,
D5,Chinese!B2,MFF4994FD The Diamond Sūtra in Chinese 金剛經,https://docs.google.com/spreadsheets/d/1KRtG8-3tRWScfz6icvSWUuibHpGEH0ZPCb4jS7IfjHA/edit,folder-item,R6746AB72,Diamond/D5__MFF4994FD The Diamond Sūtra in Chinese 金剛經/Resources/R6746AB72/R6746AB72.xlsx,downloaded,
D5,Chinese!B2,MFF4994FD The Diamond Sūtra in Chinese 金剛經,https://docs.google.com/document/d/1sE9UMfa1zP6jpr5h_qH0SIfdoeQO2yYt3bBVmXQx1nk/edit,folder-item,R67954D57 金剛波羅蜜經  - Root text Tsadrel,Diamond/D5__MFF4994FD The Diamond Sūtra in Chinese 金剛經/Resources/R67954D57金剛般若波羅蜜經破取著不壞假名論/R67954D57 金剛波羅蜜經  - Root text Tsadrel.docx,downloaded,
D5,Chinese!B2,MFF4994FD The Diamond Sūtra in Chinese 金剛經,https://docs.google.com/document/d/108TKBeHequLjmj2u28Z09FUIuAV96_pNsozF-khm8r4/edit,folder-item,R67954D57 金剛般若波羅蜜經破取著不壞假名論-Commentary Tsadrel Alignment,Diamond/D5__MFF4994FD The Diamond Sūtra in Chinese 金剛經/Resources/R67954D57金剛般若波羅蜜經破取著不壞假名論/R67954D57 金剛般若波羅蜜經破取著不壞假名論-Commentary Tsadrel Alignment.docx,downloaded,
D5,Chinese!B2,MFF4994FD The Diamond Sūtra in Chinese 金剛經,https://docs.google.com/document/d/1g6H4n4478ICMhbIzMnHcOX5PDTDg0YhXn0phAvU2mO0/edit,folder-item,R67954D57金剛般若波羅蜜經破取著不壞假名論,Diamond/D5__MFF4994FD The Diamond Sūtra in Chinese 金剛經/Resources/R67954D57金剛般若波羅蜜經破取著不壞假名論/R67954D57金剛般若波羅蜜經破取著不壞假名論.docx,downloaded,
D5,Chinese!B2,MFF4994FD The Diamond Sūtra in Chinese 金剛經,https://docs.google.com/spreadsheets/d/1EGWVb0cR7BUWK1QP0JcGz45tlT6lR_kiVvq-atsGXFg/edit,folder-item,R67954D57金剛般若波羅蜜經破取著不壞假名論 - Metadata,Diamond/D5__MFF4994FD The Diamond Sūtra in Chinese 金剛經/Resources/R67954D57金剛般若波羅蜜經破取著不壞假名論/R67954D57金剛般若波羅蜜經破取著不壞假名論 - Metadata.xlsx,downloaded,
D5,Chinese!B2,MFF4994FD The Diamond Sūtra in Chinese 金剛經,https://docs.google.com/spreadsheets/d/1a4i-nDWaq1XpHcTkQsbedbfbX_eqYO3nzMKvDBQSc7Y/edit,folder-item,R6A6E8AF9,Diamond/D5__MFF4994FD The Diamond Sūtra in Chinese 金剛經/Resources/R6A6E8AF9/R6A6E8AF9.xlsx,downloaded,
D5,Chinese!B2,MFF4994FD The Diamond Sūtra in Chinese 金剛經,https://docs.google.com/spreadsheets/d/1J0279b7PuCusUQiG6TK7HsFrkGL3hKmEGAuLz9gZCyM/edit,folder-item,R6DC0A888,Diamond/D5__MFF4994FD The Diamond Sūtra in Chinese 金剛經/Resources/R6DC0A888/R6DC0A888.xlsx,downloaded,
D5,Chinese!B2,MFF4994FD The Diamond Sūtra in Chinese 金剛經,https://docs.google.com/spreadsheets/d/17u-z0Yb84RsvTvG5EexeVgy9a9xUoAZhfSRgpGDxrB4/edit,folder-item,R84A84FF9,Diamond/D5__MFF4994FD The Diamond Sūtra in Chinese 金剛經/Resources/R84A84FF9/R84A84FF9.xlsx,downloaded,
D5,Chinese!B2,MFF4994FD The Diamond Sūtra in Chinese 金剛經,https://docs.google.com/spreadsheets/d/1koKaSGhHW8fUZACdbd-tc78JZYGY6sflTstFumVsmik/edit,folder-item,R88977DD6,Diamond/D5__MFF4994FD The Diamond Sūtra in Chinese 金剛經/Resources/R88977DD6/R88977DD6.xlsx,downloaded,
D5,Chinese!B2,MFF4994FD The Diamond Sūtra in Chinese 金剛經,https://docs.google.com/spreadsheets/d/1dfiNoe_8u5VHbIHRxcsUGoG_06Vm4M5K6Zu4JvI8ahA/edit,folder-item,R88D3E2C5,Diamond/D5__MFF4994FD The Diamond Sūtra in Chinese 金剛經/Resources/R88D3E2C5/R88D3E2C5.xlsx,downloaded,
D5,Chinese!B2,MFF4994FD The Diamond Sūtra in Chinese 金剛經,https://docs.google.com/spreadsheets/d/1JlM6q4c5xeEdSvcMHd9LfxUMnBT2tLyntlu8CC6RYMY/edit,folder-item,R89643BF0,Diamond/D5__MFF4994FD The Diamond Sūtra in Chinese 金剛經/Resources/R892A42B5/R89643BF0.xlsx,downloaded,
D5,Chinese!B2,MFF4994FD The Diamond Sūtra in Chinese 金剛經,https://docs.google.com/spreadsheets/d/1saE7tnGnnjmvv8AMNlVLZDZVTA15pRWYkjSOnRfJNOo/edit,folder-item,R89643BF0 金剛般若疏,Diamond/D5__MFF4994FD The Diamond Sūtra in Chinese 金剛經/Resources/R89643BF0 金剛般若疏/R89643BF0 金剛般若疏.xlsx,downloaded,
D5,Chinese!B2,MFF4994FD The Diamond Sūtra in Chinese 金剛經,https://docs.google.com/document/d/12nc7ZffDkpyCF2Q7McDHXdnaK63KiPrOYcuj0rUhNsY/edit,folder-item,R89643BF0 金剛般若疏,Diamond/D5__MFF4994FD The Diamond Sūtra in Chinese 金剛經/Resources/R89643BF0 金剛般若疏/R89643BF0 金剛般若疏.docx,downloaded,
D5,Chinese!B2,MFF4994FD The Diamond Sūtra in Chinese 金剛經,https://docs.google.com/spreadsheets/d/1cDU4gqWseKtqVWn5e7ep-u7fZ9oTdMqFZWYdrDTZDew/edit,folder-item,R8B9D038F,Diamond/D5__MFF4994FD The Diamond Sūtra in Chinese 金剛經/Resources/R8B9D038F/R8B9D038F.xlsx,downloaded,
D5,Chinese!B2,MFF4994FD The Diamond Sūtra in Chinese 金剛經,https://docs.google.com/spreadsheets/d/1UFRU0GlUOW2O0Iwwusw5D169MGxefZ5kgbOqhmDP1Ic/edit,folder-item,R8E160519,Diamond/D5__MFF4994FD The Diamond Sūtra in Chinese 金剛經/Resources/R8E160519/R8E160519.xlsx,downloaded,
D5,Chinese!B2,MFF4994FD The Diamond Sūtra in Chinese 金剛經,https://docs.google.com/document/d/16UqdkgqAo7nE5roJIWJrgCAHoC7uVKX_AYe8yLg_Pro/edit,folder-item,R92439761 金剛般若波羅蜜經- Root text Tsadrel,Diamond/D5__MFF4994FD The Diamond Sūtra in Chinese 金剛經/Resources/R92439761 金剛般若波羅蜜經義脈/R92439761 金剛般若波羅蜜經- Root text Tsadrel.docx,downloaded,
D5,Chinese!B2,MFF4994FD The Diamond Sūtra in Chinese 金剛經,https://docs.google.com/spreadsheets/d/1WFJowUnKY_LR12w60D6VyAhGWWVpKuEz2YRDxdf-ww4/edit,folder-item,R92439761 金剛般若波羅蜜經義脈,Diamond/D5__MFF4994FD The Diamond Sūtra in Chinese 金剛經/Resources/R92439761 金剛般若波羅蜜經義脈/R92439761 金剛般若波羅蜜經義脈.xlsx,downloaded,
D5,Chinese!B2,MFF4994FD The Diamond Sūtra in Chinese 金剛經,https://docs.google.com/document/d/13-jT9KKwFGHetginM6BS2TINd_q1j1sxxOKfWMvyYxU/edit,folder-item,R92439761 金剛般若波羅蜜經義脈,Diamond/D5__MFF4994FD The Diamond Sūtra in Chinese 金剛經/Resources/R92439761 金剛般若波羅蜜經義脈/R92439761 金剛般若波羅蜜經義脈.docx,downloaded,
D5,Chinese!B2,MFF4994FD The Diamond Sūtra in Chinese 金剛經,https://docs.google.com/document/d/1ow1xl1pDoatWCfd8u53q2z-BgonPte7D5-ytUiiu99E/edit,folder-item,R92439761 金剛般若波羅蜜經義脈- Commentary Tsadrel Alignment,Diamond/D5__MFF4994FD The Diamond Sūtra in Chinese 金剛經/Resources/R92439761 金剛般若波羅蜜經義脈/R92439761 金剛般若波羅蜜經義脈- Commentary Tsadrel Alignment.docx,downloaded,
D5,Chinese!B2,MFF4994FD The Diamond Sūtra in Chinese 金剛經,https://docs.google.com/document/d/1JlKRH43JES-elv4TVma-qGlLGpqqSdUF3N8l-5zoqdo/edit,folder-item,R96396549金剛般若波羅蜜經- Root text Tsadrel,Diamond/D5__MFF4994FD The Diamond Sūtra in Chinese 金剛經/Resources/R96396549金剛般若波羅蜜經註解/R96396549金剛般若波羅蜜經- Root text Tsadrel.docx,downloaded,
D5,Chinese!B2,MFF4994FD The Diamond Sūtra in Chinese 金剛經,https://docs.google.com/document/d/1kOfdz4x5FXhwKbICShS2Yhrl7OmcBjjI42NN3ReR3GE/edit,folder-item,R96396549金剛般若波羅蜜經註解,Diamond/D5__MFF4994FD The Diamond Sūtra in Chinese 金剛經/Resources/R96396549金剛般若波羅蜜經註解/R96396549金剛般若波羅蜜經註解.docx,downloaded,
D5,Chinese!B2,MFF4994FD The Diamond Sūtra in Chinese 金剛經,https://docs.google.com/spreadsheets/d/1rjiTffNOPY8bYGaoOqXR4-JPZVXS29xEesxDXftqsRM/edit,folder-item,R96396549金剛般若波羅蜜經註解,Diamond/D5__MFF4994FD The Diamond Sūtra in Chinese 金剛經/Resources/R96396549金剛般若波羅蜜經註解/R96396549金剛般若波羅蜜經註解.xlsx,downloaded,
D5,Chinese!B2,MFF4994FD The Diamond Sūtra in Chinese 金剛經,https://docs.google.com/document/d/1ZftXSL-sWjfwsCZUbquVc1F3FI6D6e69kaghNwifWRA/edit,folder-item,R96396549金剛般若波羅蜜經註解 - Commentary Tsadrel Alignment,Diamond/D5__MFF4994FD The Diamond Sūtra in Chinese 金剛經/Resources/R96396549金剛般若波羅蜜經註解/R96396549金剛般若波羅蜜經註解 - Commentary Tsadrel Alignment.docx,downloaded,
D5,Chinese!B2,MFF4994FD The Diamond Sūtra in Chinese 金剛經,https://docs.google.com/spreadsheets/d/19tFasp8kIPfufQpLQSybUMFvV42dczRntrXZDoJbT_M/edit,folder-item,R9AAA5E74,Diamond/D5__MFF4994FD The Diamond Sūtra in Chinese 金剛經/Resources/R9AAA5E74/R9AAA5E74.xlsx,downloaded,
D5,Chinese!B2,MFF4994FD The Diamond Sūtra in Chinese 金剛經,https://docs.google.com/spreadsheets/d/1f93PgwCzTC8FH0A0R6HSJ7nUylZjI2RoqJKAGu7GwQM/edit,folder-item,R9D9CB958,Diamond/D5__MFF4994FD The Diamond Sūtra in Chinese 金剛經/Resources/R9D9CB958/R9D9CB958.xlsx,downloaded,
D5,Chinese!B2,MFF4994FD The Diamond Sūtra in Chinese 金剛經,https://docs.google.com/spreadsheets/d/1umEymW-r7da377ykx9Bi_vYURvJHyt91Ea6SUg-Mce4/edit,folder-item,R9E7BEF9B,Diamond/D5__MFF4994FD The Diamond Sūtra in Chinese 金剛經/Resources/R9E7BEF9B/R9E7BEF9B.xlsx,downloaded,
D5,Chinese!B2,MFF4994FD The Diamond Sūtra in Chinese 金剛經,https://docs.google.com/spreadsheets/d/1xIFa_UDg17-MS8g9XhKOER6Za0yw1ad-iaLbvpWEMTI/edit,folder-item,RA5AE80C4,Diamond/D5__MFF4994FD The Diamond Sūtra in Chinese 金剛經/Resources/RA5AE80C4/RA5AE80C4.xlsx,downloaded,
D5,Chinese!B2,MFF4994FD The Diamond Sūtra in Chinese 金剛經,https://docs.google.com/spreadsheets/d/1FbCiixu8na1UVyKJBngtC0DndKTqIVHKEPkGp4bgwjY/edit,folder-item,RA97C0A0E,Diamond/D5__MFF4994FD The Diamond Sūtra in Chinese 金剛經/Resources/RA97C0A0E/RA97C0A0E.xlsx,downloaded,
D5,Chinese!B2,MFF4994FD The Diamond Sūtra in Chinese 金剛經,https://docs.google.com/spreadsheets/d/1HuulOWRdT5byFShAe5s_506VBFJQetnnr_Hj0C-QQWM/edit,folder-item,RAA18A4C2,Diamond/D5__MFF4994FD The Diamond Sūtra in Chinese 金剛經/Resources/RAA18A4C2/RAA18A4C2.xlsx,downloaded,
D5,Chinese!B2,MFF4994FD The Diamond Sūtra in Chinese 金剛經,https://docs.google.com/spreadsheets/d/1x3dsLvqQUUH1qcmebhEwCNWHYqsHM9LXzgbsaT8zwoQ/edit,folder-item,RAC642DC6,Diamond/D5__MFF4994FD The Diamond Sūtra in Chinese 金剛經/Resources/RAC642DC6/RAC642DC6.xlsx,downloaded,
D5,Chinese!B2,MFF4994FD The Diamond Sūtra in Chinese 金剛經,https://docs.google.com/spreadsheets/d/1E-Gvaumj5qtoLIMbVCyfwqg6Y63VQNY1iHwANjXz_DE/edit,folder-item,RADA82082,Diamond/D5__MFF4994FD The Diamond Sūtra in Chinese 金剛經/Resources/RADA82082/RADA82082.xlsx,downloaded,
D5,Chinese!B2,MFF4994FD The Diamond Sūtra in Chinese 金剛經,https://docs.google.com/spreadsheets/d/1gdSC2nSUVg9kCj_IioLlDJLYx43nyhlYwcY8Sljrc3c/edit,folder-item,RAEAFA498,Diamond/D5__MFF4994FD The Diamond Sūtra in Chinese 金剛經/Resources/RAEAFA498/RAEAFA498.xlsx,downloaded,
D5,Chinese!B2,MFF4994FD The Diamond Sūtra in Chinese 金剛經,https://docs.google.com/spreadsheets/d/1-59VpBp8O3-wQzIIF5kNCqbZz1RK3mApb-9R6IsiqJk/edit,folder-item,RAF408FDA,Diamond/D5__MFF4994FD The Diamond Sūtra in Chinese 金剛經/Resources/RAF408FDA/RAF408FDA.xlsx,downloaded,
D5,Chinese!B2,MFF4994FD The Diamond Sūtra in Chinese 金剛經,https://docs.google.com/spreadsheets/d/1bqgIroSKnSvjbbxN-tl4Wb7pOsIHI6hVyovmRtNdZdw/edit,folder-item,RB3CA2022,Diamond/D5__MFF4994FD The Diamond Sūtra in Chinese 金剛經/Resources/RB3CA2022/RB3CA2022.xlsx,downloaded,
D5,Chinese!B2,MFF4994FD The Diamond Sūtra in Chinese 金剛經,https://docs.google.com/spreadsheets/d/1mwyNrLG4ZN-R0zaxtC3TS50_dM2LPy78CZXXVPVJFjs/edit,folder-item,RB463DC0D,Diamond/D5__MFF4994FD The Diamond Sūtra in Chinese 金剛經/Resources/RB463DC0D/RB463DC0D.xlsx,downloaded,
D5,Chinese!B2,MFF4994FD The Diamond Sūtra in Chinese 金剛經,https://docs.google.com/spreadsheets/d/1iaFGZWPS5369OVBDMIMhraodihPoNBpfW0DXjIjOGyo/edit,folder-item,RB8354353,Diamond/D5__MFF4994FD The Diamond Sūtra in Chinese 金剛經/Resources/RB8354353/RB8354353.xlsx,downloaded,
D5,Chinese!B2,MFF4994FD The Diamond Sūtra in Chinese 金剛經,https://docs.google.com/spreadsheets/d/1qMnG7ISVpTD7t9K2e1Bd05MJcza-Zl0yC6xCU7rTpEE/edit,folder-item,RB880448B,Diamond/D5__MFF4994FD The Diamond Sūtra in Chinese 金剛經/Resources/RB880448B/RB880448B.xlsx,downloaded,
D5,Chinese!B2,MFF4994FD The Diamond Sūtra in Chinese 金剛經,https://docs.google.com/spreadsheets/d/1pPXmg-EBAWh1CAsUsJ72GMT8bPr9iRnE7JhO-jrsgxY/edit,folder-item,RB8D84B88,Diamond/D5__MFF4994FD The Diamond Sūtra in Chinese 金剛經/Resources/RB8D84B88/RB8D84B88.xlsx,downloaded,
D5,Chinese!B2,MFF4994FD The Diamond Sūtra in Chinese 金剛經,https://docs.google.com/spreadsheets/d/17KhSxispyRFikjn1ZVbFLXE1JvIXcW3w3q0GueK2ZGU/edit,folder-item,RBABA8C62,Diamond/D5__MFF4994FD The Diamond Sūtra in Chinese 金剛經/Resources/RBABA8C62/RBABA8C62.xlsx,downloaded,
D5,Chinese!B2,MFF4994FD The Diamond Sūtra in Chinese 金剛經,https://docs.google.com/spreadsheets/d/1q7YbPxw4M_-Cv8e6-dqPTWvzBwXdCCGdpstta5M2ZoY/edit,folder-item,RC39BAF9C,Diamond/D5__MFF4994FD The Diamond Sūtra in Chinese 金剛經/Resources/RC39BAF9C/RC39BAF9C.xlsx,downloaded,
D5,Chinese!B2,MFF4994FD The Diamond Sūtra in Chinese 金剛經,https://docs.google.com/spreadsheets/d/1Y9FOKnH3H44BDlLWfWgvqtnUPJQ2Ftyrx2aJsgWBQCU/edit,folder-item,RC7479879,Diamond/D5__MFF4994FD The Diamond Sūtra in Chinese 金剛經/Resources/RC7479879/RC7479879.xlsx,downloaded,
D5,Chinese!B2,MFF4994FD The Diamond Sūtra in Chinese 金剛經,https://docs.google.com/spreadsheets/d/1A7n1oJvsvUtw3fXYz6TDzVljy1HDxW85AfX63HGOs5E/edit,folder-item,RCBB93C03,Diamond/D5__MFF4994FD The Diamond Sūtra in Chinese 金剛經/Resources/RCBB93C03/RCBB93C03.xlsx,downloaded,
D5,Chinese!B2,MFF4994FD The Diamond Sūtra in Chinese 金剛經,https://docs.google.com/spreadsheets/d/1ws3GEdE21HejAxW54pdFG1F2tGZMmkk-aE9C1E5qjPM/edit,folder-item,RCD822CF4,Diamond/D5__MFF4994FD The Diamond Sūtra in Chinese 金剛經/Resources/RCD822CF4/RCD822CF4.xlsx,downloaded,
D5,Chinese!B2,MFF4994FD The Diamond Sūtra in Chinese 金剛經,https://docs.google.com/spreadsheets/d/1LmZAOAaA378iXhSu4WCofvJ0K27pYMVgXyKZC5YHHy4/edit,folder-item,RD098EBA0,Diamond/D5__MFF4994FD The Diamond Sūtra in Chinese 金剛經/Resources/RD098EBA0/RD098EBA0.xlsx,downloaded,
D5,Chinese!B2,MFF4994FD The Diamond Sūtra in Chinese 金剛經,https://docs.google.com/spreadsheets/d/1QiBo4ZOzR0MExrD7iRkUFf93BNVypf6ZVbC8oRleeEw/edit,folder-item,RD0ADC604,Diamond/D5__MFF4994FD The Diamond Sūtra in Chinese 金剛經/Resources/RD0ADC604/RD0ADC604.xlsx,downloaded,
D5,Chinese!B2,MFF4994FD The Diamond Sūtra in Chinese 金剛經,https://docs.google.com/spreadsheets/d/11VI8JbPn6nT0GobBdOJSHPQApQamI_auH4MlPpQzzJs/edit,folder-item,RD4C7A4DA,Diamond/D5__MFF4994FD The Diamond Sūtra in Chinese 金剛經/Resources/RD4C7A4DA/RD4C7A4DA.xlsx,downloaded,
D5,Chinese!B2,MFF4994FD The Diamond Sūtra in Chinese 金剛經,https://docs.google.com/spreadsheets/d/1eeyU-xzpMh-V6NtxX571qBdN3AXu4GR-v62fKQ7cQoQ/edit,folder-item,RDDE2F255,Diamond/D5__MFF4994FD The Diamond Sūtra in Chinese 金剛經/Resources/RDDE2F255/RDDE2F255.xlsx,downloaded,
D5,Chinese!B2,MFF4994FD The Diamond Sūtra in Chinese 金剛經,https://docs.google.com/spreadsheets/d/1n72Tkh0mLdxHn5dK6pHfSxVMoHKf0QPhexOIuiorIVo/edit,folder-item,REDD2391E,Diamond/D5__MFF4994FD The Diamond Sūtra in Chinese 金剛經/Resources/REDD2391E/REDD2391E.xlsx,downloaded,
D5,Chinese!B2,MFF4994FD The Diamond Sūtra in Chinese 金剛經,https://docs.google.com/spreadsheets/d/1fnqUXMlsv_iGx2HTPHrFOJXU0g9RdLTZSBV34hPFqjU/edit,folder-item,REEFD8EED,Diamond/D5__MFF4994FD The Diamond Sūtra in Chinese 金剛經/Resources/REEFD8EED/REEFD8EED.xlsx,downloaded,
D5,Chinese!B2,MFF4994FD The Diamond Sūtra in Chinese 金剛經,https://docs.google.com/spreadsheets/d/15kNLZP45ml9ubX9ZcgORyCd9OrdwDruNJBBCIxu4LKo/edit,folder-item,RF056266E,Diamond/D5__MFF4994FD The Diamond Sūtra in Chinese 金剛經/Resources/RF056266E/RF056266E.xlsx,downloaded,
D5,Chinese!B2,MFF4994FD The Diamond Sūtra in Chinese 金剛經,https://docs.google.com/spreadsheets/d/1QgtZMIQMV-kExC6-RYaeFW5DQFSeep3yXYuttDgBawA/edit,folder-item,RF30C3C5C,Diamond/D5__MFF4994FD The Diamond Sūtra in Chinese 金剛經/Resources/RF30C3C5C/RF30C3C5C.xlsx,downloaded,
D5,Chinese!B2,MFF4994FD The Diamond Sūtra in Chinese 金剛經,https://docs.google.com/spreadsheets/d/1PaLajRzlLEx0AFhkpRiuZQuUhfMcYe6MSXlRPvuD76A/edit,folder-item,RF5248845,Diamond/D5__MFF4994FD The Diamond Sūtra in Chinese 金剛經/Resources/RF5248845/RF5248845.xlsx,downloaded,
D5,Chinese!B2,MFF4994FD The Diamond Sūtra in Chinese 金剛經,https://docs.google.com/spreadsheets/d/1j7PYV3uTNKy07eH0-a6q0PeE4n0jOm4gLVCLRJfVyxg/edit,folder-item,RFDBD7387,Diamond/D5__MFF4994FD The Diamond Sūtra in Chinese 金剛經/Resources/RFDBD7387/RFDBD7387.xlsx,downloaded,
D5,Chinese!B2,MFF4994FD The Diamond Sūtra in Chinese 金剛經,https://docs.google.com/spreadsheets/d/1lwKAyKsjKk7qYAmjVklOXLJFcfdOAZInYDi8GaV13t0/edit,folder-item,RFF4994FD,Diamond/D5__MFF4994FD The Diamond Sūtra in Chinese 金剛經/Resources/RFF4994FD/RFF4994FD.xlsx,downloaded,
D5,Chinese!B2,MFF4994FD The Diamond Sūtra in Chinese 金剛經,https://docs.google.com/spreadsheets/d/1Tf9lS3_pltD6ifDZO0hIQsyNWj8GqFhpxwwBru8sDQE/edit,folder-item,Resources_catalog རྒྱུ་ཆའི་དཀར་ཆག,Diamond/D5__MFF4994FD The Diamond Sūtra in Chinese 金剛經/Resources/Resources_catalog རྒྱུ་ཆའི་དཀར་ཆག.xlsx,downloaded,
D5,Chinese!B2,MFF4994FD The Diamond Sūtra in Chinese 金剛經,https://docs.google.com/document/d/1WFgm_fjDCuNeMm5XLn79DU21OtwiBP1bArV9T2PhwIs/edit,folder-item,MFF4994FD金剛波羅蜜經,Diamond/D5__MFF4994FD The Diamond Sūtra in Chinese 金剛經//MFF4994FD金剛波羅蜜經.docx,downloaded,
D5,Chinese!B2,MFF4994FD The Diamond Sūtra in Chinese 金剛經,https://docs.google.com/spreadsheets/d/1GL5qJKd_WLMHkSnOl5yyy1THyb8owLIWMXImxg8S0tM/edit,folder-item,MFF4994FD金剛波羅蜜經 Metadata,Diamond/D5__MFF4994FD The Diamond Sūtra in Chinese 金剛經//MFF4994FD金剛波羅蜜經 Metadata.xlsx,downloaded,
D5,Chinese!B2,MFF4994FD The Diamond Sūtra in Chinese 金剛經,https://docs.google.com/document/d/1l1K91KA1m7JuCSMIMS87HGsegoUrkh-M3wRMbX59ZCI/edit,folder-item,MFF4994FD金剛波羅蜜經 Table of Content,Diamond/D5__MFF4994FD The Diamond Sūtra in Chinese 金剛經//MFF4994FD金剛波羅蜜經 Table of Content.docx,downloaded,
D6,Chinese!D2,MFF4994FD金剛波羅蜜經,https://drive.google.com/open?id=1WFgm_fjDCuNeMm5XLn79DU21OtwiBP1bArV9T2PhwIs&usp=drive_copy,doc,MFF4994FD金剛波羅蜜經,Diamond/D6__MFF4994FD金剛波羅蜜經.docx,downloaded,
D7,Chinese!C3,MFF4994FD The Diamond Sūtra in Chinese 金剛經,https://docs.google.com/document/d/1s2auzDl5vrRizIiNdtBNnUQjRlmquiZW_iQGfm5FWPg/edit,folder-item,R434373A0 金剛波羅蜜經  - Root text Tsadrel,Diamond/D7__R434373A0金剛般若波羅蜜經論//R434373A0 金剛波羅蜜經  - Root text Tsadrel.docx,downloaded,
D7,Chinese!C3,MFF4994FD The Diamond Sūtra in Chinese 金剛經,https://docs.google.com/document/d/1B7UlbkpSJECu_0zf33ie8tjbE_BF1JZK0cXLeW8tHBE/edit,folder-item,R434373A0金剛般若波羅蜜經論,Diamond/D7__R434373A0金剛般若波羅蜜經論//R434373A0金剛般若波羅蜜經論.docx,downloaded,
D7,Chinese!C3,MFF4994FD The Diamond Sūtra in Chinese 金剛經,https://docs.google.com/document/d/1X-8h2yenIVbXKA6LHEbKMub0MfkgfqKK4v5J9T-1Rjg/edit,folder-item,R434373A0金剛般若波羅蜜經論 - Clean Formatted Text with TOC.docx,Diamond/D7__R434373A0金剛般若波羅蜜經論//R434373A0金剛般若波羅蜜經論 - Clean Formatted Text with TOC.docx,downloaded,
D7,Chinese!C3,MFF4994FD The Diamond Sūtra in Chinese 金剛經,https://docs.google.com/document/d/1f-BZ0TJSxW-LQGh6VIyYlK1xiQYKOTjEzwVO8bm7Aac/edit,folder-item,R434373A0金剛般若波羅蜜經論 - Commentary Tsadrel Alignment,Diamond/D7__R434373A0金剛般若波羅蜜經論//R434373A0金剛般若波羅蜜經論 - Commentary Tsadrel Alignment.docx,downloaded,
D7,Chinese!C3,MFF4994FD The Diamond Sūtra in Chinese 金剛經,https://docs.google.com/spreadsheets/d/1tgG4rztMlqS6ylWti6PqScBfvA1htAYISVTB3zv9BWo/edit,folder-item,R434373A0金剛般若波羅蜜經論 - Metadata,Diamond/D7__R434373A0金剛般若波羅蜜經論//R434373A0金剛般若波羅蜜經論 - Metadata.xlsx,downloaded,
D8,Chinese!D3,R434373A0金剛般若波羅蜜經論,https://docs.google.com/document/d/1B7UlbkpSJECu_0zf33ie8tjbE_BF1JZK0cXLeW8tHBE/edit?tab=t.0,doc,R434373A0金剛般若波羅蜜經論,Diamond/D8__R434373A0金剛般若波羅蜜經論.docx,downloaded,
D9,Chinese!C4,MFF4994FD The Diamond Sūtra in Chinese 金剛經,https://docs.google.com/document/d/1JlKRH43JES-elv4TVma-qGlLGpqqSdUF3N8l-5zoqdo/edit,folder-item,R96396549金剛般若波羅蜜經- Root text Tsadrel,Diamond/D9__R96396549金剛般若波羅蜜經註解//R96396549金剛般若波羅蜜經- Root text Tsadrel.docx,downloaded,
D9,Chinese!C4,MFF4994FD The Diamond Sūtra in Chinese 金剛經,https://docs.google.com/document/d/1kOfdz4x5FXhwKbICShS2Yhrl7OmcBjjI42NN3ReR3GE/edit,folder-item,R96396549金剛般若波羅蜜經註解,Diamond/D9__R96396549金剛般若波羅蜜經註解//R96396549金剛般若波羅蜜經註解.docx,downloaded,
D9,Chinese!C4,MFF4994FD The Diamond Sūtra in Chinese 金剛經,https://docs.google.com/spreadsheets/d/1rjiTffNOPY8bYGaoOqXR4-JPZVXS29xEesxDXftqsRM/edit,folder-item,R96396549金剛般若波羅蜜經註解,Diamond/D9__R96396549金剛般若波羅蜜經註解//R96396549金剛般若波羅蜜經註解.xlsx,downloaded,
D9,Chinese!C4,MFF4994FD The Diamond Sūtra in Chinese 金剛經,https://docs.google.com/document/d/1ZftXSL-sWjfwsCZUbquVc1F3FI6D6e69kaghNwifWRA/edit,folder-item,R96396549金剛般若波羅蜜經註解 - Commentary Tsadrel Alignment,Diamond/D9__R96396549金剛般若波羅蜜經註解//R96396549金剛般若波羅蜜經註解 - Commentary Tsadrel Alignment.docx,downloaded,
D10,Chinese!D4,R43644D12金剛般若波羅蜜經論,https://drive.google.com/open?id=1SdZj_tFj0-ZeBSbBD20_7-drDBpKm8k_mJy34Tx64k0&usp=drive_copy,doc,R43644D12金剛般若波羅蜜經論 Table of Content ,Diamond/D10__R43644D12金剛般若波羅蜜經論 Table of Content.docx,downloaded,
D11,Chinese!D5,R96396549金剛般若波羅蜜經註解,https://drive.google.com/open?id=1ZftXSL-sWjfwsCZUbquVc1F3FI6D6e69kaghNwifWRA&usp=drive_copy,doc,R96396549金剛般若波羅蜜經註解 - Commentary Tsadrel Alignment,Diamond/D11__R96396549金剛般若波羅蜜經註解 - Commentary Tsadrel Alignment.docx,downloaded,
D12,Chinese!C6,MFF4994FD The Diamond Sūtra in Chinese 金剛經,https://docs.google.com/spreadsheets/d/1ZvpqFkzW20G7pHfocN9zHVMOrJ16_MmI5m1eBzku2C0/edit,folder-item,R2A8AD21D金剛經解義,Diamond/D12__R2A8AD21D金剛經解義//R2A8AD21D金剛經解義.xlsx,downloaded,
D12,Chinese!C6,MFF4994FD The Diamond Sūtra in Chinese 金剛經,https://docs.google.com/document/d/18Pl2OGDcfHTUCwcbaQl32-6so_EjvhdbcKgB9wsdpEI/edit,folder-item,R2A8AD21D金剛經解義,Diamond/D12__R2A8AD21D金剛經解義//R2A8AD21D金剛經解義.docx,downloaded,
D12,Chinese!C6,MFF4994FD The Diamond Sūtra in Chinese 金剛經,https://docs.google.com/document/d/17FYXjJS197duutry4I9QC35CZJvyx5uFxYVIvDyvWyA/edit,folder-item,R2A8AD21D金剛經解義-Commentary Tsadrel Alignment,Diamond/D12__R2A8AD21D金剛經解義//R2A8AD21D金剛經解義-Commentary Tsadrel Alignment.docx,downloaded,
D12,Chinese!C6,MFF4994FD The Diamond Sūtra in Chinese 金剛經,https://docs.google.com/document/d/1WiJm2afsImzvLxk9FxWSwDCjP3W7E-SPpK9BWzK7fGI/edit,folder-item,R2A8AD21D金剛般若波羅蜜經  - Root text Tsadrel,Diamond/D12__R2A8AD21D金剛經解義//R2A8AD21D金剛般若波羅蜜經  - Root text Tsadrel.docx,downloaded,
D13,Chinese!C7,MFF4994FD The Diamond Sūtra in Chinese 金剛經,https://docs.google.com/document/d/1Wpy0dascVl1DW_qXLnXN4rsLUuXikRy2klWjzIbvJHw/edit,folder-item,R3E4D8B99金剛經講話,Diamond/D13__R3E4D8B99金剛經講話//R3E4D8B99金剛經講話.docx,downloaded,
D13,Chinese!C7,MFF4994FD The Diamond Sūtra in Chinese 金剛經,https://docs.google.com/spreadsheets/d/14AfNrrQztTHjtzwUPGdzC4-qI_Ry4HKVNcFLj7Y4KZc/edit,folder-item,R3E4D8B99金剛經講話,Diamond/D13__R3E4D8B99金剛經講話//R3E4D8B99金剛經講話.xlsx,downloaded,
D13,Chinese!C7,MFF4994FD The Diamond Sūtra in Chinese 金剛經,https://docs.google.com/document/d/1fB1AMjrG3C3TXkEYxM3vsduJ3b1W-IDAg4Zf33dRVjA/edit,folder-item,R3E4D8B99金剛經講話- Commentary Tsadrel Alignment,Diamond/D13__R3E4D8B99金剛經講話//R3E4D8B99金剛經講話- Commentary Tsadrel Alignment.docx,downloaded,
D14,Chinese!D7,R3E4D8B99金剛經講話,https://drive.google.com/open?id=1Wpy0dascVl1DW_qXLnXN4rsLUuXikRy2klWjzIbvJHw&usp=drive_copy,doc,R3E4D8B99金剛經講話,Diamond/D14__R3E4D8B99金剛經講話.docx,downloaded,
D15,Chinese!C8,MFF4994FD The Diamond Sūtra in Chinese 金剛經,https://docs.google.com/document/d/1sE9UMfa1zP6jpr5h_qH0SIfdoeQO2yYt3bBVmXQx1nk/edit,folder-item,R67954D57 金剛波羅蜜經  - Root text Tsadrel,Diamond/D15__R67954D57金剛般若波羅蜜經破取著不壞假名論//R67954D57 金剛波羅蜜經  - Root text Tsadrel.docx,downloaded,
D15,Chinese!C8,MFF4994FD The Diamond Sūtra in Chinese 金剛經,https://docs.google.com/document/d/108TKBeHequLjmj2u28Z09FUIuAV96_pNsozF-khm8r4/edit,folder-item,R67954D57 金剛般若波羅蜜經破取著不壞假名論-Commentary Tsadrel Alignment,Diamond/D15__R67954D57金剛般若波羅蜜經破取著不壞假名論//R67954D57 金剛般若波羅蜜經破取著不壞假名論-Commentary Tsadrel Alignment.docx,downloaded,
D15,Chinese!C8,MFF4994FD The Diamond Sūtra in Chinese 金剛經,https://docs.google.com/document/d/1g6H4n4478ICMhbIzMnHcOX5PDTDg0YhXn0phAvU2mO0/edit,folder-item,R67954D57金剛般若波羅蜜經破取著不壞假名論,Diamond/D15__R67954D57金剛般若波羅蜜經破取著不壞假名論//R67954D57金剛般若波羅蜜經破取著不壞假名論.docx,downloaded,
D15,Chinese!C8,MFF4994FD The Diamond Sūtra in Chinese 金剛經,https://docs.google.com/spreadsheets/d/1EGWVb0cR7BUWK1QP0JcGz45tlT6lR_kiVvq-atsGXFg/edit,folder-item,R67954D57金剛般若波羅蜜經破取著不壞假名論 - Metadata,Diamond/D15__R67954D57金剛般若波羅蜜經破取著不壞假名論//R67954D57金剛般若波羅蜜經破取著不壞假名論 - Metadata.xlsx,downloaded,
D16,Chinese!D8,R67954D57金剛般若波羅蜜經破取著不壞假名論,https://drive.google.com/open?id=1g6H4n4478ICMhbIzMnHcOX5PDTDg0YhXn0phAvU2mO0&usp=drive_copy,doc,R67954D57金剛般若波羅蜜經破取著不壞假名論,Diamond/D16__R67954D57金剛般若波羅蜜經破取著不壞假名論.docx,downloaded,
D17,Chinese!C9,MFF4994FD The Diamond Sūtra in Chinese 金剛經,https://docs.google.com/document/d/1ph2BhTInyar809Gp8YanQdcoNTFuzF3Rjkvunfl-KBE/edit,folder-item,R2BF994FF 《金剛經》講記,Diamond/D17__R2BF994FF 《金剛經》講記//R2BF994FF 《金剛經》講記.docx,downloaded,
D17,Chinese!C9,MFF4994FD The Diamond Sūtra in Chinese 金剛經,https://docs.google.com/spreadsheets/d/1kRoDsbqqv8o8SLJyTUrXTqFqIs4TKWkzuikDZqiSEN4/edit,folder-item,R2BF994FF 《金剛經》講記,Diamond/D17__R2BF994FF 《金剛經》講記//R2BF994FF 《金剛經》講記.xlsx,downloaded,
D18,Chinese!D9,R2BF994FF 《金剛經》講記,https://drive.google.com/open?id=1ph2BhTInyar809Gp8YanQdcoNTFuzF3Rjkvunfl-KBE&usp=drive_copy,doc,R2BF994FF 《金剛經》講記,Diamond/D18__R2BF994FF 《金剛經》講記.docx,downloaded,
D19,Chinese!C10,MFF4994FD The Diamond Sūtra in Chinese 金剛經,https://docs.google.com/spreadsheets/d/1002epQfHRebYqlI1y9bV3HiDG-JA59gIn2UGbr9sH_Q/edit,folder-item,R2FB78325 金剛般若波羅密經講義,Diamond/D19__R2FB78325 金剛般若波羅密經講義//R2FB78325 金剛般若波羅密經講義.xlsx,downloaded,
D19,Chinese!C10,MFF4994FD The Diamond Sūtra in Chinese 金剛經,https://docs.google.com/document/d/1_7qJZEpbXf6ovbkc8WbgA6gdbvghZB0p62mnSmz9cNs/edit,folder-item,R2FB78325 金剛般若波羅密經講義,Diamond/D19__R2FB78325 金剛般若波羅密經講義//R2FB78325 金剛般若波羅密經講義.docx,downloaded,
D19,Chinese!C10,MFF4994FD The Diamond Sūtra in Chinese 金剛經,https://docs.google.com/document/d/1dBWk43i1p5xuCP2uuVNZn44vnUC6C6oUgmTEGA-K4cM/edit,folder-item,R2FB78325 金剛般若波羅密經講義- Commentary Tsadrel Alignment,Diamond/D19__R2FB78325 金剛般若波羅密經講義//R2FB78325 金剛般若波羅密經講義- Commentary Tsadrel Alignment.docx,downloaded,
D19,Chinese!C10,MFF4994FD The Diamond Sūtra in Chinese 金剛經,https://docs.google.com/document/d/1XRMn1E3R7qthQl3PTH1TpQqe5yV2I8TCrHrIXWl4Fkk/edit,folder-item,R2FB78325 金剛般若波羅密經講義- Root text Tsadrel,Diamond/D19__R2FB78325 金剛般若波羅密經講義//R2FB78325 金剛般若波羅密經講義- Root text Tsadrel.docx,downloaded,
D20,Chinese!D10,R2FB78325 金剛般若波羅密經講義,https://drive.google.com/open?id=1_7qJZEpbXf6ovbkc8WbgA6gdbvghZB0p62mnSmz9cNs&usp=drive_copy,doc,R2FB78325 金剛般若波羅密經講義,Diamond/D20__R2FB78325 金剛般若波羅密經講義.docx,downloaded,