row	segments	quoted (first 5 syllables of each segment's first match)	row start
1	1,2	1:འཕགས་པ་ཤེས་རབ་ཀྱི་ཕ | 2:(inferred)	འཕགས་པ་ཤེས་རབ་ཀྱི་ཕ་རོལ་ཏུ་ཕྱིན་པ་རྡོ་རྗེ་གཅོད་པའི
2	3,4	3:བོད་སྐད་དུ་འཕགས་པ་ཤེས | 4:(inferred)	རྒྱ་གར་སྐད་དུ། ཨཱརྱ་པྲཛྙཱ་པཱ་ར་མི་ཏ་བཛྲ་ཙྪེ་དི་ཀ་ཊ
3			དེ་ལ་མདོ་སྡེ་འཆད་པར་འདོད་པས་ཉན་པ་དག་ནན་གྱིས་ལེན་པ་
4			བསྡུས་པའི་དོན་ནི་མདོར་བསྡུས་ན་རྣམ་པ་ལྔ་སྟེ། འདི་ལྟ
5			དེ་ལ་གླེང་གཞི་ནི་མདོ་སྡེ་འབྱུང་བའི་རྒྱུ་སྟེ། དེ་ཡང
6	5,6	5:འདི་སྐད་བདག་གིས་ཐོས་པ | 6:རྒྱལ་བུ་རྒྱལ་བྱེད་ཀྱི་ཚལ	ཚིག་གི་དོན་ལ་སོགས་པ་ཡང་བརྗོད་པར་བྱ་སྟེ། དེ་དག་དེ་བ
7			ཡང་ན་དབང་པོ་ལ་སོགས་པ་དང་ལྡན་པས་ལེགས་ལྡན་ཞེས་བྱ་སྟེ
8			རྒྱལ་བུ་རྒྱལ་བྱེད་ཀྱི་ཚལ་མགོན་མེད་ཟས་སྦྱིན་གྱི་ཀུན
9			སེམས་བསྐྱེད་པ་ཆེན་པོ་ནི་བླ་ན་མེད་པ་ཡང་དག་པར་རྫོགས་
10	7	7:(inferred)	དེ་བས་ན་ཉན་ཐོས་ཀྱི་མདོ་སྡེ་ལས་བྱང་ཆུབ་སེམས་དཔའ་མི་
11	8	8:(inferred)	ཅིའི་ཕྱིར་བཅོམ་ལྡན་འདས་བསོད་སྙོམས་ཀྱི་ཕྱིར་ཞུགས་ཤེ
12	9	9:ལྷུང་བཟེད་དང་ཆོས་གོས་བཞག	སྦྱིན་པ་པོ་དང་། སྦྱིན་བདག་གང་ལ་བསོད་སྙོམས་ཡོངས་སུ་
13			དེ་ཡང་བརྒྱ་བྱིན་ལ་སོགས་པ་བཅོམ་ལྡན་འདས་ཀྱི་དྲུང་ན་བ
14	10,11,12	10:དེ་ནས་དགེ་སློང་མང་པོ | 11:(inferred) | 12:(inferred)	དེ་ནས་དགེ་སློང་མང་པོ་ཞེས་བྱ་བ་ཅིའི་ཕྱིར་སྨོས་ཤེ་ན།
15	13,14,15	13:(inferred) | 14:(inferred) | 15:བཅོམ་ལྡན་འདས་ཀྱིས་ཕན་འདོགས	ད་ནི་གླེང་བསླང་བ་དང་སངས་རྒྱས་ཀྱི་གདུང་རྒྱུན་མི་འཆད
16			འཇིག་རྟེན་མཐའ་དག་གིས་མཆོད་པར་འོས་པའི་ཕྱིར་རམ། དགྲ་
17			ཡོངས་སུ་གཏད་པ་ནི་དགེ་བའི་རྩ་བ་ཡོངས་སུ་མ་སྨིན་པ་ལས་
18			གནས་ཇི་ལྟ་བུ་ཞེ་ན། གང་གིས་དེ་དག་ཆུད་ཟ་བར་མི་འགྱུར་
19	16,17	16:(inferred) | 17:(inferred)	སྒྲུབ་པའི་མཚན་ཉིད་བརྗོད་པར་བྱ་སྟེ། དེའི་དབང་དུ་བྱས
20	18,19,20,21,22,23,24,25,26	18:(inferred) | 19:(inferred) | 20:(inferred) | 21:(inferred) | 22:(inferred) | 23:(inferred) | 24:ལ་ཡོངས་སུ་གཏད་པའི་ཕྱིར | 25:(inferred) | 26:བྱང་ཆུབ་སེམས་དཔའ་ཡོངས་སུ	སེམས་རབ་ཏུ་གཟུང་བར་བྱ་བ་ནི་རྣམ་པར་གཡེང་བ་ཚར་བཅད་ནས
21	27,28	27:(inferred) | 28:(inferred)	བྱང་ཆུབ་སེམས་དཔའ་རྣམས་ཀྱི་ཐེག་པ་ནི་བྱང་ཆུབ་སེམས་དཔ
22			ད་ནི་དེའི་གནས་བརྗོད་པར་བྱ་སྟེ། དེའི་གནས་དེ་ཡང་མདོར
23	29	29:བྱང་ཆུབ་སེམས་དཔའི་ཐེག་པ	དེ་ལ་བྱང་ཆུབ་ཏུ་སེམས་བསྐྱེད་པའི་དབང་དུ་བྱས་ནས་སེམས
24			འབྲས་བུ་ཆེ་བའི་ཕྱོགས་གཅིག་འདུ་ཤེས་མེད་པའོ། །འདི་ཡང
25			གལ་ཏེ་འབྲས་བུ་གྱ་ནོམ་པ་ཡོད་ཀྱང་ཐོབ་པར་བྱེད་མི་ནུས་
26	30	30:པ་ཡོངས་སུ་མྱ་ངན་ལས	ཅིའི་ཕྱིར་མྱ་ངན་ལས་འདའ་བར་བྱའོ་ཞེས་དེ་སྐད་མ་གསུངས་
27	31	31:དེ་བྱང་ཆུབ་སེམས་དཔའ་ཞེས	ལངས་ནས་འདི་སྙམ་དུ་དོན་དམ་པར་བདག་གིས་སེམས་ཅན་གང་ཡང་
28	32	32:(inferred)	འོ་ན་སུ་གང་ཟག་ལ་སོགས་པར་འདུ་ཤེས་འཇུག་པ་དེ་བྱང་ཆུབ་
29			ལྷ་སྦྱིན་བཅིངས་ལ་ཕྱིས་མཆོད་སྦྱིན་གྲོལ་བར་རྣམ་པར་གཞ
30			དེ་ལ་གལ་ཏེ་འདིར་སྐྱེས་བུ་དང་རང་དབང་ཅན་དོན་དམ་པ་རྟག
31			ཧ་ཅང་ཐལ་བ་ཡང་མ་ཡིན་ཏེ། ས་བོན་ལ་སོགས་པའི་ནུས་པ་ངེས་
32			ངར་ཤེས་པ་ལ་སྣང་བ་ན་གང་གིས་ན་མངོན་སུམ་དུ་འགྱུར་བ་ཇི
33			བདག་གི་ཡུལ་ཅན་ཡང་རིམ་གྱིས་འབྱུང་བ་དང་འགལ་ཏེ་འོག་ནས
34			སྦྱོར་བ་ནི་གང་ཞིག་བདེ་བ་དང་སྡུག་བསྔལ་ལ་སོགས་པ་དང་འ
35			བདག་ཉིད་ཀྱིས་འགྱུར་བའི་ངོ་བོ་ཉིད་ལ་ནི་གནས་པར་བྱེད་
36			རྒྱུ་དང་འབྲས་བུས་འབྲེལ་པ་ཡང་མ་ཡིན་ཏེ། བདེ་བ་ལ་སོགས
37			འགྱུར་ན་ནི་རྟག་པ་ཉིད་ཉམས་སོ། །རྒྱུ་ཙམ་གྱིས་ནི་བྱེད
38			རི་བོང་གི་རྭ་ལ་སོགས་པ་ལ་མེད་པར་ཐ་སྙད་འདོགས་པ་ཡང་དོ
39	33	33:བྱང་ཆུབ་སེམས་དཔའི་སྦྱིན་པ	ཕ་རོལ་ཏུ་ཕྱིན་པ་ལ་སྦྱོར་བའི་དབང་དུ་མཛད་ནས། ཡང་ཞེས་
40			དངོས་པོ་ལ་མི་གནས་པར་ཞེས་བྱ་བ་ལ་སོགས་པས་ནི་འདི་ལ་རྣ
41			དུ་མ་ཉིད་དུ་ཡང་རིགས་པ་མ་ཡིན་ཏེ་རྡུལ་ཕྲ་རབ་གཅིག་ཙམ་
42			གལ་ཏེ་གང་དེའི་རྣམ་པར་ཤེས་པ་དེ་ཉིད་དོན་འཛིན་པ་ཡིན་ན
43			བྱེ་བྲག་གཅིག་ཁས་ལེན་ན་ནི་དེ་ཉིད་རྣམ་པ་དང་བཅས་པར་ཁས
44			དེ་གཉིས་ནི་དོན་དམ་པ་པའི་དངོས་པོ་དང་གང་དུ་གང་འབྲེལ་
45			དེ་གཉིས་ཀྱང་དེ་ལ་མེད་དེ། འདི་ལྟར་རེ་ཞིག་གང་གཟུགས་ལ
46			དེ་ལྟར་གནས་པ་མེད་ན་ནི། དེ་ལྟར་སྣང་བར་མི་འགྱུར་རོ། 
47			དངོས་པོའི་རྣམ་པ་གཞན་མེད་པའི་ཕྱིར་མ་ངེས་པ་ཡང་མ་ཡིན་
48	34	34:པར་སྦྱིན་པ་སྦྱིན་པར་བྱའོ	དེ་ལྟ་བས་ན་དངོས་པོ་ཐམས་ཅད་སྒྱུ་མ་བཞིན་དུ་མ་བརྟགས་ན
49	35,36,37	35:(inferred) | 36:མི་གནས་པར་སྦྱིན་པ་སྦྱིན | 37:རབ་འབྱོར་ཅི་ནས་ཞེས་བྱ	གཟུགས་ལ་མི་གནས་པར་ཞེས་བྱ་བ་ལ་སོགས་པས་ནི་བྱང་ཆུབ་སེ
50			དེས་ནི་ཅི་ལ་ཡང་མི་གནས་པར་ཞེས་བྱ་བ་དེ་བསྟན་ཏོ། །ཡང་
51	38	38:རབ་འབྱོར་བྱང་ཆུབ་སེམས་དཔའ	དེ་ལྟ་མ་ཡིན་ན་འདོད་པ་རྣམས་ལ་བཅོམ་ལྡན་འདས་ཀྱིས་སྲས་
52	39,40,41,42,43	39:(inferred) | 40:(inferred) | 41:(inferred) | 42:(inferred) | 43:(inferred)	དེ་བས་ན་མི་དམིགས་པ་ལ་གནས་པའི་སྦྱིན་པ་ལ་སོགས་པ་དེ་ན
53	44	44:རབ་འབྱོར་འདི་ཇི་སྙམ་དུ	གལ་ཏེ་དེ་མེད་པའི་ཕྱིར་གཟུགས་ལ་མི་གནས་པ་སྦྱིན་པ་སྦྱ
54	45,46,47,48	45:(inferred) | 46:(inferred) | 47:ཕུན་སུམ་ཚོགས་པ་ཞེས་མཚན | 48:(inferred)	མཚན་ཕུན་སུམ་ཚོགས་པ་ཞེས་མཚན་མ་ཙམ་ཞིག་ཡོངས་སུ་བརྗོད་
55	49	49:ཇི་ཙམ་དུ་མཚན་ཕུན་སུམ	ཇི་ཙམ་དུ་མཚན་ཕུན་སུམ་ཚོགས་པ་ཞེས་བྱ་བ་ནི་དོན་དམ་པར་
56	50,51,52	50:ཇི་ཙམ་དུ་མཚན་ཕུན་སུམ | 51:(inferred) | 52:(inferred)	ཇི་ཙམ་དུ་མཚན་ཕུན་སུམ་ཚོགས་པ་མེད་པ་ཞེས་བྱ་བ་ནི་བཟློ
57			ཆོས་ཀྱི་སྐུ་ནི་རྣམ་པ་གཉིས་ཏེ། བཤད་པའི་ཆོས་ཀྱི་སྐུ་
58	53	53:མ་འོངས་པའི་སྐྱེ་བོ་སྙིགས	དེ་ལ་མ་འོངས་པའི་སྐྱེ་བོ་སྙིགས་མ་ལྔ་ཤས་ཆེ་བའི་ཕྱིར་
59	54,55	54:བཅོམ་ལྡན་འདས་ཀྱི་བསྟན་པ | 55:ཚུལ་ཁྲིམས་དང་ལྡན་པ་ཡོན	དམ་པའི་ཆོས་རབ་ཏུ་རྣམ་པར་འཇིག་པ་ནི་མོས་པ་དང་། ཀློག་
60	56	56:(inferred)	དེ་དག་ཀྱང་བསྒྲུབ་པ་ཇི་ལྟ་བུ་དང་། རྒྱུ་ཇི་ལྟ་བུས་ཡང
61	57,58	57:དགེ་བའི་རྩ་བ་བསྐྱེད་པ | 58:(inferred)	དགེ་བའི་རྩ་བ་བསྐྱེད་པ་ནི་གདམས་ངག་དང་རྗེས་སུ་བསྟན་པ
62	59	59:དེ་དག་ནི་དེ་བཞིན་གཤེགས	དེ་དག་ནི་དེ་བཞིན་གཤེགས་པས་མཁྱེན་ཏོ་ཞེས་བྱ་བ་ནི་བསམ
63	60	60:དེ་དག་ནི་དེ་བཞིན་གཤེགས	དེ་དག་ནི་དེ་བཞིན་གཤེགས་པས་གཟིགས་ཞེས་བྱ་བ་ནི་ལུས་སོ
64	61	61:སེམས་ཅན་དེ་དག་ཐམས་ཅད	དེའི་ཕྱིར་དེ་དག་གི་བསོད་ནམས་ཀྱི་ཕུང་པོ་ཡོངས་སུ་སྡུ
65	62	62:བྱང་ཆུབ་སེམས་དཔའ་སེམས་དཔའ	དེ་ཅིའི་སླད་དུ་ཞེས་བྱ་བ་དེ་དག་སངས་རྒྱས་འབུམ་ཕྲག་དུ
66	63	63:སེམས་ཅན་དུ་འདུ་ཤེས་པའོ	བདག་གི་ཡོད་པར་འཛིན་པ་ནི་སེམས་ཅན་དུ་འདུ་ཤེས་པའོ། །བ
67	64	64:ཆོས་སུ་འདུ་ཤེས་པ་མ	གལ་ཏེ་བདག་ལ་སོགས་པ་འདུ་ཤེས་མེད་ན་ཉན་ཐོས་ལ་སོགས་པ་བ
68	65	65:འདུ་ཤེས་མེད་པ་ཡང་འཇུག	གལ་ཏེ་དེ་ལྟ་ན་དེའི་གནས་སྐབས་ན་འདུ་ཤེས་ཐམས་ཅད་དང་བྲ
69	66,67,68,69,70	66:གལ་ཏེ་བྱང་ཆུབ་སེམས་དཔའ | 67:(inferred) | 68:(inferred) | 69:(inferred) | 70:བྱང་ཆུབ་སེམས་དཔའ་རྣམས་ལ	བདག་ལ་སོགས་པ་མེད་པའི་ཕྱིར་དེ་དག་བདག་ལ་སོགས་པར་འདུ་
70	71,72	71:དེ་བཞིན་གཤེགས་པ་དེ་དག | 72:(inferred)	ལོག་པར་གཟུང་བར་མི་བྱ་སྟེ་ཞེས་བྱ་བ་ནི་ལམ་ལོག་པས་ཕྱི
71			དེ་སྐད་དུ་འཕགས་པ་དཀོན་མཆོག་ཟ་མ་ཏོག་གི་མདོ་ལས་ཀྱང་།
72	73,74,75,76	73:རབ་འབྱོར་འདི་ཇི་སྙམ་དུ | 74:དེ་བཞིན་གཤེགས་པའི་ཡེ་ཤེས | 75:(inferred) | 76:(inferred)	གལ་ཏེ་ཆོས་ལ་སོགས་པ་ཐམས་ཅད་དོན་དམ་པར་བརྫུན་པའི་རང་བ
73			བླ་ན་མེད་པ་ཡང་དག་པར་རྫོགས་པའི་བྱང་ཆུབ་ཅེས་བྱ་བ་མཚན
74	77,78	77:བདག་གིས་བཅོམ་ལྡན་འདས་ཀྱིས | 78:(inferred)	བཅོམ་ལྡན་འདས་ཀྱིས་དགོངས་པ་གང་གིས་དོན་དམ་པ་ལ་དགོངས་
75	79	79:དེ་ཅིའི་སླད་དུ་ཞེ་ན	ཅིའི་ཕྱིར་མངོན་པར་རྫོགས་པར་སངས་རྒྱས་པ་ཡང་མེད་ལ། ཆོ
76	80,81	80:དེ་ནི་ཆོས་ཀྱང་མ་ལགས | 81:དེ་ཅིའི་སླད་དུ་ཞེས་འདིར	གལ་ཏེ་དངོས་པོ་ཐམས་ཅད་གཟུང་དུ་མེད་ཅིང་བརྗོད་དུ་མེད་
77			ཀུན་དགའ་བོ་དེ་བཞིན་གཤེགས་པས་འདི་ལ་དགོངས་ནས་འཕགས་པ་
78	82,83	82:བཅོམ་ལྡན་འདས་ཀྱིས་མངོན་པར | 83:སྟོང་གསུམ་གྱི་སྟོང་ཆེན་པོའི	རབ་འབྱོར་འདི་ཇི་སྙམ་དུ་སེམས་ཞེས་བྱ་བ་གསུངས་སོ། །དེ
79	84,85	84:(inferred) | 85:(inferred)	དེ་སྟོང་ལ་སྟོང་གསུམ་གྱི་སྟོང་ཆེན་པོའི་འཇིག་རྟེན་གྱ
80	86,87	86:གཞི་དེ་ལས་བསོད་ནམས་ཀྱི | 87:དེ་ཅིའི་སླད་དུ་ཞེ་ན	གལ་ཏེ་དོན་དམ་པར་ཐམས་ཅད་མ་སྐྱེས་ན། ཇི་ལྟར་གཞི་དེ་ལས
81	88,89	88:བས་ན་དེ་བཞིན་གཤེགས་པས | 89:བཅོམ་ལྡན་འདས་ཀྱིས་རབ་འབྱོར	ཀུན་རྫོབ་ཏུ་ནི་བསོད་ནམས་ཀྱི་ཕུང་པོ་གནས་པ་ཉིད་དེ། ད
82			འདིས་ནི་དེ་བཞིན་གཤེགས་པ་རྣམས་ཀྱིས་རྟོགས་པའི་ཆོས་ཀྱ
83	90	90:རབ་འབྱོར་དེ་བཞིན་གཤེགས་པ	འདི་ཅི་ཡིད་ཆེས་པར་བྱ་བར་ཟད་དམ། འོན་ཏེ་རིགས་པས་ཤེས་
84	91	91:སངས་རྒྱས་བཅོམ་ལྡན་འདས་རྣམས	སངས་རྒྱས་བཅོམ་ལྡན་འདས་རྣམས་ཀྱང་འདི་ལས་སྐྱེས་སོ་ཞེས
85	92	92:སངས་རྒྱས་ཀྱི་ཆོས་ཐམས་ཅད	གལ་ཏེ་དོན་དམ་པར་ཆོས་ཐམས་ཅད་མ་སྐྱེས་པ་ཁོ་ན་ཡིན་ན་དེ
86	93	93:སངས་རྒྱས་ཀྱི་ཆོས་རྣམས་ཞེས	དེ་ཉིད་ཀྱི་ཕྱིར་ཕྱོགས་གཞན་དེ་དང་དེ་ལས་སངས་རྒྱས་ཀྱི
87			གང་ཡང་རང་དང་སྤྱིའི་མཚན་ཉིད་འཛིན་པས་ཆོས་རྣམས་སོ་ཞེས
88			འདི་མན་ཆད་གནས་བཅུ་གཉིས་ནི་མི་མཐུན་པ་རྣམ་པ་བཅུ་གཉིས
89	94,95	94:རབ་འབྱོར་འདི་ཇི་སྙམ་དུ | 95:རྒྱུན་དུ་ཞུགས་པ་འདི་སྙམ	ངས་ཁྱེད་རྣམས་ལ་ཆོས་བསྟན་པར་བྱའོ་ཞེས་བྱ་བ་ལ་སོགས་པར
90			རྒྱུན་དུ་ཞུགས་པ་འདི་སྙམ་དུ་བདག་གིས་ཐོབ་པོ་སྙམ་དུ་མ
91	96,97,98,99	96:རབ་འབྱོར་གྱིས་ཀྱང་བཅོམ་ལྡན | 97:འདས་དེ་ནི་ཅི་ལ་ཡང | 98:དེས་ན་རྒྱུན་དུ་ཞུགས་པ | 99:(inferred)	འཕགས་པ་རབ་འབྱོར་གྱིས་ཀྱང་བཅོམ་ལྡན་འདས་ཀྱི་དགོངས་པ་
92			ཕན་འདོགས་པ་མེད་ན་ནི་ཐོབ་པར་བྱ་བ་དང་ཐོབ་པར་བྱེད་པའི
93	100	100:རྒྱུན་དུ་ཞུགས་པ་ཞེས་མི	གང་གི་ཕྱིར་འདི་དོན་དམ་པར་དེ་ཅི་ལ་ཡང་ཞུགས་པ་མེད་ལ། 
94	101,102	101:བཅོམ་ལྡན་འདས་གལ་ཏེ་ཞེས | 102:(inferred)	གལ་ཏེ་བདག་གིས་ཐོབ་པོ་སྙམ་དུ་དེ་ལྟར་མངོན་པར་ཞེན་པར་
95	103,104,105,106,107	103:(inferred) | 104:ལན་ཅིག་ཕྱིར་འོང་བ་ཞེས | 105:(inferred) | 106:(inferred) | 107:(inferred)	དཔེ་སྤྲོས་ཏེ་བསྟན་པས་དོན་འདི་ཉིད་བསྟན་པར་བྱ་བའི་ཕྱ
96	108,109,110,111,112,113,114,115,116,117	108:ལན་ཅིག་ཕྱིར་འོང་བ་སྟེ | 109:(inferred) | 110:(inferred) | 111:(inferred) | 112:(inferred) | 113:(inferred) | 114:(inferred) | 115:(inferred) | 116:(inferred) | 117:(inferred)	འདོད་པ་ན་སྤྱོད་པའི་ཉོན་མོངས་པ་བསྒོམ་པས་སྤང་བར་བྱ་བ
97	118,119,120,121,122,123,124	118:དགྲ་བཅོམ་པ་ཞེས་བགྱི་བའི | 119:(inferred) | 120:(inferred) | 121:བདག་ནི་དེ་བཞིན་གཤེགས་པ | 122:བཅོམ་ལྡན་འདས་བདག་འདོད་ཆགས | 123:(inferred) | 124:(inferred)	དགྲ་བཅོམ་པ་ཞེས་བགྱི་བའི་ཆོས་དེ་གང་ཡང་མ་མཆིས་ཞེས་བྱ
98			ད་ནི་བདག་ནི་དེ་བཞིན་གཤེགས་པ་དགྲ་བཅོམ་པ་ཡང་དག་པར་རྫ
99			བཅོམ་ལྡན་འདས་བདག་འདོད་ཆགས་དང་བྲལ་བ་དགྲ་བཅོམ་པ་ལགས་
100	125,126,127,128	125:(inferred) | 126:བཞིན་གཤེགས་པས་དེ་བཞིན་གཤེགས | 127:རབ་འབྱོར་གྱིས་ཀྱང་དགོངས་པ | 128:(inferred)	གལ་ཏེ་དོན་དམ་པར་ཐོབ་པར་བྱ་བ་དང་། ཐོབ་པར་བྱེད་པ་ཅི་
101	129,130	129:ཆུབ་སེམས་དཔའ་གང་ལ་ལ | 130:ཞིང་བཀོད་པ་རྣམས་སོ་བཀོད	གལ་ཏེ་ལས་དང་བྱེད་པ་པོ་ལ་སོགས་པ་དོན་དམ་པར་མེད་པ་ཉིད
102			བཀོད་པ་དེ་དག་ནི་མེད་པ་ཁོ་ན་ཡིན་མོད་ཀྱི། འོན་ཀྱང་རྨ
103	131	131:དེས་ན་ཞིང་བཀོད་པ་རྣམས	དེས་ན་ཞིང་བཀོད་པ་རྣམས་ཞེས་བྱའོ་ཞེས་བྱ་བ་འདིས་ནི་སྐ
104	136,137,138,139,140,141	136:འདི་ལྟ་སྟེ་དཔེར་ན་ཞེས | 137:(inferred) | 138:(inferred) | 139:དེ་ཅིའི་སླད་དུ་ཞེས་དྲིས | 140:(inferred) | 141:དེ་དངོས་པོ་མ་མཆིས་པས	ཕུང་པོ་རྣམས་ལས་སེམས་ཅན་གུད་ན་མེད་དུ་ཟིན་ཀྱང་ཐ་མི་ད
105			དེ་བཞིན་གཤེགས་པས་དེ་དངོས་པོ་མ་མཆིས་པ་གསུངས་སོ་ཞེས་
106			དེ་དངོས་པོ་མ་མཆིས་པས་ཞེས་བྱ་བ་འདིས་ནི་གཡེང་བ་ཚར་གཅ
107	142,143,144,145,146,147,148,149,150,151	142:རབ་འབྱོར་འདི་ཇི་སྙམ་དུ | 143:(inferred) | 144:(inferred) | 145:(inferred) | 146:(inferred) | 147:(inferred) | 148:དེ་བཞིན་གཤེགས་པ་ལ་སོགས | 149:(inferred) | 150:(inferred) | 151:(inferred)	ད་ནི་ཆོས་ཀྱི་རྣམ་གྲངས་འདིས་ཤིན་ཏུ་དོན་ཆེ་བར་བརྗོད་
108	152	152:ཁམས་དེ་སྙེད་ཅིག་ཅེས་གང	དེ་ལ་བསོད་ནམས་ཡོངས་སུ་སྡུད་པ་ནི་གཞི་དེ་ལས་བསོད་ནམས
109	153	153:དེ་བཞིན་གཤེགས་པས་ཞེས་གསུངས	གྱ་ནོམ་པ་ནི་འཇིག་རྟེན་ན་ཤིན་དུ་དཀོན་པར་གྲགས་པ་སྟེ།
110	154	154:མཆོད་རྟེན་དུ་གྱུར་པ་ཡིན	ཡང་དག་པར་རྫོགས་པའི་སངས་རྒྱས་ཞེས་བྱ་བ་འདིས་ནི་ཡེ་ཤེ
111	155	155:བླ་མ་ལྟ་བུ་གང་ཡང	འདི་ལྟར་གང་ཟག་ལ་བདག་མེད་པ་ཙམ་གྱི་ཚིགས་སུ་བཅད་པ་བསྟ
112	156,157	156:(inferred) | 157:(inferred)	ཁ་ཅིག་ལས་ནི་གཞན་དང་གཞན་དག་ཅེས་ཚིག་གཉིས་འབྱུང་སྟེ། 
113	158,159	158:འདི་ཇི་ལྟར་གཟུང་བར་བགྱི | 159:(inferred)	འདི་ཇི་ལྟར་གཟུང་བར་བགྱི་ཞེས་བྱ་བ་འདི་ནི་བཟུང་བས་ཀྱ
114	160,161	160:ཤེས་རབ་ཀྱི་ཕ་རོལ་ཏུ | 161:(inferred)	ཤེས་རབ་ཀྱི་ཕ་རོལ་ཏུ་ཕྱིན་པ་ཞེས་བྱ་བ་ནི་གང་གི་མིང་ད
115	162	162:རབ་འབྱོར་དེ་བཞིན་གཤེགས་པས	དེ་ནི་བཅོམ་ལྡན་འདས་ཀྱིས་སོ་སོ་རང་གིས་རིག་པར་བྱ་བ་ཉ
116	163,164	163:ཤེས་རབ་ཀྱི་ཕ་རོལ་ཏུ | 164:རབ་འབྱོར་འདི་ཅི་སྙམ་དུ	ཇི་ལྟར་ཤེས་རབ་ཀྱི་ཕ་རོལ་ཏུ་ཕྱིན་པ་རྣམ་པར་རྟོག་པའི་
117	165,166	165:གཤེགས་པས་གསུངས་པའི་ཆོས་དེ | 166:རབ་འབྱོར་གྱིས་བཅོམ་ལྡན་འདས	དེ་ལྟ་བས་ན་དོན་དམ་པར་གང་དེ་བཞིན་གཤེགས་པས་གསུངས་པའི
118	167,168	167:རབ་འབྱོར་འདི་ཇི་སྙམ་དུ | 168:སྟོང་གསུམ་གྱི་སྟོང་ཆེན་པོའི	དེ་ལྟར་ཆོས་ཐམས་ཅད་ལ་བདག་མེད་པར་རྒྱ་ཆེར་བསྟན་དུ་ཟིན
119	169,170	169:(inferred) | 170:(inferred)	བྱང་ཆུབ་སེམས་དཔའ་ཕལ་ཆེར་དམིགས་པ་ཆུང་ངུ་མ་ཡིན་པ་ཡིད
120	171	171:ཅིའི་སླད་དུ་ཞེས་གསོལ་ནས	འདིས་ནི་རྒྱ་ཆེ་བ་ཡོངས་སུ་བསྟན་ཏེ། རྡུལ་ཕྲ་རབ་དེ་དག
121	172	172:དེས་ན་སའི་རྡུལ་ཞེས་བགྱིའོ	དེས་ན་སའི་རྡུལ་ཞེས་བགྱིའོ་ཞེས་བྱ་བ་ནི་དེ་རིགས་པའི་
122	173	173:རྟེན་གྱི་ཁམས་གང་ལགས་པ	དེ་ལྟར་རེ་ཞིག་སྣོད་ཀྱི་འཇིག་རྟེན་གཅིག་དང་དུ་མའི་རང
123	174	174:དེས་ན་འཇིག་རྟེན་གྱི་ཁམས	དེས་ན་འཇིག་རྟེན་གྱི་ཁམས་ཞེས་བགྱིའོ་ཞེས་བྱ་བ་འདིས་ན
124			ད་ནི་བྱང་ཆུབ་སེམས་དཔའ་གང་དག་བསོད་ནམས་ཀྱི་ཚོགས་བསྒྲ
125	175,176,177,178,179	175:བཅོམ་ལྡན་འདས་ལ་མཆོད་པ | 176:(inferred) | 177:(inferred) | 178:(inferred) | 179:(inferred)	དེ་བས་ན་དེ་དག་ཚོགས་མ་བསགས་པ་དང་བྲལ་བའི་ཕྱིར་གནས་བཅ
126	180,181	180:རབ་འབྱོར་སྐྱེས་པའམ་བུད་མེད | 181:(inferred)	དེ་ལྟར་ཆོས་ཐམས་ཅད་ལ་བདག་མེད་པར་རྟོགས་པར་བྱ་བའི་ཐབས
127	182	182:མཆི་མ་ཕྱིས་ནས་བཅོམ་ལྡན	དེའི་ཕྱིར་ལག་པས་མཆི་མ་ཕྱིས་ནས་བཅོམ་ལྡན་འདས་ལ་འདི་ས
128	183	183:ཆོས་ཀྱི་རྣམ་གྲངས་འདི་དེ	ཆོས་ཀྱི་རྣམ་གྲངས་འདི་དེ་བཞིན་གཤེགས་པ་ཇི་སྙེད་པས་གས
129	184	184:ཡེ་ཤེས་སྐྱེས་ཚུན་ཆད་ཅེས	ཅིའི་ཕྱིར་སྙམ་པ་ལ། བདག་གི་ཡེ་ཤེས་སྐྱེས་ཚུན་ཆད་ཅེས་
130	185	185:ངོ་མཚར་རབ་དང་ལྡན་པར	དེ་ལྟར་བསོད་ནམས་ཁྱད་ཞུགས་པ་དེ་ཐོས་ནས་བརྩོན་འགྲུས་བ
131	186	186:དེ་ཅིའི་སླད་དུ་ཞེས་བྱ	དེའི་ཕྱིར་ཆོས་ཐམས་ཅད་དོན་དམ་པར་རང་བཞིན་མེད་པར་ཇི་ལ
132	187	187:ཡང་དག་པར་འདུ་ཤེས་ཞེས	གང་གི་ཕྱིར་མ་བརྟགས་ན་དགའ་བ་ཙམ་དུ་ཡོད་པ་དེའི་ཕྱིར་ད
133	188,189,190	188:རྣམ་གྲངས་འདི་བཤད་པ་ལ | 189:བཅོམ་ལྡན་འདས་སླད་མའི་ཚེ | 190:ཡང་བཅོམ་ལྡན་འདས་ཞེས་བྱ	ལེ་ལོ་ཅན་དེ་དག་ཉིད་ངོ་མཚར་བ་བསྐྱེད་པའི་ཕྱིར་བདག་ཆོ
134	191,192	191:འདུ་ཤེས་པ་ཞེས་བྱ་བ | 192:དེ་ཅིའི་སླད་དུ་ཞེས་གསོལ	བདག་ཅེས་བྱ་བ་ལ་སོགས་པ་སྨོས་པ་ནི་མཚོན་པ་སྟེ། དེ་ན་ད
135	193	193:ན་སངས་རྒྱས་བཅོམ་ལྡན་འདས	གལ་ཏེ་བདག་ལ་སོགས་པ་མེད་དུ་ཟིན་ཀྱང་དེ་དག་ཏུ་ཕྱིན་ཅི
136	194,195,196	194:(inferred) | 195:(inferred) | 196:སེམས་ཅན་གང་དག་ཅེས་བྱ	དེ་ལྟ་མ་ཡིན་ན་དེའི་གོ་འཕང་ཇི་ལྟར་ཐོབ་པར་འགྱུར། དེས
137	197	197:དེ་ཅིའི་ཕྱིར་ཞེས་བྱ་བ	ད་ནི་རྙེད་པ་དང་བཀུར་སྟི་ལ་ཆགས་པ་དབྲལ་བའི་ཕྱིར་དེ་ད
138			ཕ་རོལ་ཏུ་ཕྱིན་པ་དམ་པ་འདི་ནི་ཞེས་བྱ་བ་སྨོས་ཏེ། ཤེས་
139	198,199	198:ཏུ་ཕྱིན་པ་དམ་པ་གང | 199:(inferred)	ང་ཉག་གཅིག་གིས་འདི་དམ་པར་གསུངས་པ་མ་ཡིན་གྱི། སངས་རྒྱ
140	200	200:ཡང་རབ་འབྱོར་ཅེས་བྱ་བ	དེ་ལྟར་ངོ་ཚ་བའི་གནས་བཤད་དུ་ཟིན་ཀྱང་གང་དག་སྡུག་བསྔལ
141			ཇི་ལྟར་བཟོད་ཅེ་ན། ཆོས་ཐམས་ཅད་ཀྱི་རང་བཞིན་མི་དམིགས་
142	201	201:རབ་འབྱོར་གང་གི་ཚེ་ཞེས	དེ་ལྟར་ཆོས་ཐམས་ཅད་མི་དམིགས་པར་ཡིད་ལ་བྱེད་པར་བྱང་ཆུ
143	202	202:ང་ལ་འདུ་ཤེས་ཅི་ཡང	ང་ལ་འདུ་ཤེས་ཅི་ཡང་མེད་ཅེས་བྱ་བ་ནི་གཞན་གྱི་ལུས་སུ་འ
144	203,204	203:དེ་ཅིའི་ཕྱིར་ཞེ་ན་ཞེས | 204:(inferred)	དེའི་ཡང་ཅི་མངོན་སྙམ་དུ་སེམས་པའི་འདྲི་བ་ལ་བརྟགས་ནས་
145	205,206,207,208	205:རབ་འབྱོར་ངས་མངོན་པར་ཤེས | 206:(inferred) | 207:དེ་ལྟ་བས་ན་ཞེས་བྱ | 208:(inferred)	ད་ནི་བཟོད་པ་དེ་རྣམ་པ་ཇི་ལྟ་བུ་ཡིན་པ་དེ་བཞིན་དུ་བསྟ
146	209,210,211	209:(inferred) | 210:(inferred) | 211:(inferred)	བརྒྱ་ལ་བྱང་ཆུབ་ཀྱི་སེམས་ལན་འགའ་ཞིག་བསྐྱེད་དུ་ཟིན་ཀ
147	212,213	212:ཆོས་མེད་པ་ལ་ཡང་མི | 213:(inferred)	འདིར་གདུལ་བ་རྣམས་ཆོས་མེད་པ་ལ་ཡང་མི་གནས་པ་ཞེས་བྱ་བ་
148	214,215,216,217,218	214:གནས་པ་གང་ཡིན་པ་དེ | 215:(inferred) | 216:ཡང་རབ་འབྱོར་ཞེས་བྱ་བ | 217:(inferred) | 218:(inferred)	ཅི་གཟུགས་ལ་སོགས་པ་ཡོད་བཞིན་དུ་དེ་ལ་གནས་པ་ལ་ཞེ་སྡང་
149	219	219:(inferred)	སེམས་ཅན་ཐམས་ཅད་ཀྱི་དོན་གྱི་ཕྱིར་ཞེས་བྱ་བ་འདིས་ནི་འ
150	220,221	220:དེ་བཞིན་གཤེགས་པ་ཞེས་བྱ | 221:(inferred)	དེ་སྤང་བར་བྱ་བ་དང་བླང་བར་བྱ་བའི་དེ་ཁོ་ན་ཐབས་བཅས་པར
151	222,223	222:འདི་ལྟ་སྟེ་དཔེར་ན་ཞེས | 223:(inferred)	ཡང་གང་ལུས་ལ་སོགས་པ་དམིགས་ཤིང་དེ་དོན་དུ་གཉེར་བའི་ཕྱ
152			དེ་ཡང་ཉི་མ་ཤར་ན་བརྒྱ་ལ་མི་མཐོང་བར་འགྱུར་རོ་སྙམ་པ་ལ
153	224	224:(inferred)	དེ་ལྟར་རྣམ་པ་འདིས་བཟོད་པ་ལ་བཙུད་ཀྱང་གང་དག་བསམ་གཏན་
154	225	225:སེམས་ཅན་དེ་དག་ཐམས་ཅད	བཅོམ་ལྡན་འདས་ནི་ཐམས་ཅད་མཁྱེན་པ་ཡིན་པའི་ཕྱིར་ཐམས་ཅད
155	226	226:ཡང་རབ་འབྱོར་སྐྱེས་པའམ་བུད	དེའི་བསོད་ནམས་ཀྱི་ཕུང་པོའི་ཁྱད་པར་ཅི་ཞིག་ཡོད་པ་གང་
156	227,228	227:དེ་ཉིད་གཞི་དེ་ལས་བསོད | 228:ཡང་རབ་འབྱོར་ཞེས་བྱ་བ	དེ་ཉིད་གཞི་དེ་ལས་བསོད་ནམས་ཆེས་མང་དུ་གྲང་མེད་དཔག་ཏུ
157			ཆོས་ཀྱི་རྣམ་གྲངས་འདི་ནི་བསམ་གྱིས་མི་ཁྱབ་ཅེས་བྱ་བ་ཤ
158	229,230	229:བསམ་གྱིས་མི་ཁྱབ་པ་ཉིད | 230:རྣམ་གྲངས་འདི་ནི་ཞེས་བྱ	འདིས་ནི་མཉམ་པ་དང་ལྷག་པ་མེད་པའི་ཕྱིར། རྒྱུ་བསམ་གྱིས
159			རང་སངས་རྒྱས་ཀྱི་ཐེག་པ་ལ་ཡང་ཉན་ཐོས་ཀྱི་ཐེག་པ་ལ་ལྟོས
160	231,232	231:ཆོས་ཀྱི་རྣམ་གྲངས་འདི་ཞེས | 232:(inferred)	ཆོས་ཀྱི་རྣམ་གྲངས་འདི་ཞེས་བྱ་བ་ལ་སོགས་པས་ནི་ཇི་སྐད་
161	233	233:བསམ་གྱིས་མི་ཁྱབ་པ་ཞེས	དེ་ལ་བསམ་གྱིས་མི་ཁྱབ་པ་ཞེས་བྱ་བ་ནི་བསམ་པའི་ཡུལ་ལས་
162	234	234:སེམས་ཅན་དེ་དག་ཐམས་ཅད	སེམས་ཅན་དེ་དག་ཐམས་ཅད་ངའི་བྱང་ཆུབ་ཕྲག་པར་ཐོགས་པ་འགྱ
163	235,236,237,238,239	235:རབ་འབྱོར་དམན་པ་ལ་མོས | 236:(inferred) | 237:(inferred) | 238:(inferred) | 239:(inferred)	ཅི་བཅོམ་ལྡན་འདས་ལ་ཡང་ཞེ་སྡང་དང་འདོད་པ་མངའ་འམ་སྙམ་ད
164	240,241	240:ཕྱག་བྱ་བར་འོས་པ་ནི | 241:(inferred)	ཕྱག་བྱ་བར་འོས་པ་ནི་འདུད་པར་བྱ་བའོ། །བསྐོར་བ་བྱ་བར་
165	242,243,244	242:རབ་འབྱོར་རིགས་ཀྱི་བུ་འམ | 243:(inferred) | 244:(inferred)	གལ་ཏེ་ཆོས་ཀྱི་རྣམ་གྲངས་འདི་འདྲ་བ་འདི་ལ་རབ་ཏུ་བརྩོན
166	245	245:སངས་རྒྱས་ཀྱི་བྱང་ཆུབ་ཀྱང	སངས་རྒྱས་ཀྱི་བྱང་ཆུབ་ཀྱང་ཐོབ་པར་འགྱུར་རོ་ཞེས་བྱ་བ་
167	246,247,248	246:རབ་འབྱོར་ངས་མངོན་པར་ཤེས | 247:(inferred) | 248:པ་གང་ཡིན་པ་དང་ལེན	དེ་ཉིད་གཞི་དེ་ལས་བསོད་ནམས་ཆེས་མང་དུ་གྲངས་མེད་དཔག་ཏ
168	249	249:(inferred)	དེས་ན་དོན་ནི་འདི་ཡིན་ཏེ། མཉེས་པར་བྱེད་པ་ལ་སོགས་པ་ག
169	250,251	250:རབ་འབྱོར་གལ་ཏེ་དེའི་ཚེ | 251:ཡང་རབ་འབྱོར་ཞེས་བྱ་བ	གྲངས་ཀྱིས་ཇི་ལྟར་གྲངས་མེད་སྙམ་པ་ཡིན་པ་ལ་རབ་འབྱོར་ག
170			ཆོས་ཀྱི་རྣམ་གྲངས་འདི་ཡང་ལེའུ་ཉུང་དུ་ཟིན་ཀྱང་ཤིན་ཏུ
171	252	252:བསམ་གྱིས་མི་ཁྱབ་པ་འདི	དེས་ན་བསམ་གྱིས་མི་ཁྱབ་པ་འདི་ལས་རྒྱུ་དང་རྐྱེན་མཐུན་
172	253,254,255,256,257	253:(inferred) | 254:བཅོམ་ལྡན་འདས་བྱང་ཆུབ་སེམས | 255:(inferred) | 256:(inferred) | 257:(inferred)	དེ་ལྟར་བསམ་གཏན་གྱི་རོ་མྱང་བ་བསལ་དུ་ཟིན་ཀྱང་མངོན་པར
173	258,259,260,261,262	258:བྱང་ཆུབ་སེམས་དཔའི་ཐེག་པ | 259:(inferred) | 260:གལ་ཏེ་བྱང་ཆུབ་སེམས་དཔའི | 261:(inferred) | 262:དཔའི་ཐེག་པ་ལ་ཡང་དག	རབ་འབྱོར་གང་བྱང་ཆུབ་སེམས་དཔའི་ཐེག་པ་ལ་ཡང་དག་པར་ཞུག
174	263,264,265,266,267,268	263:(inferred) | 264:པ་མར་མེ་མཛད་ལས་གདམས | 265:(inferred) | 266:(inferred) | 267:(inferred) | 268:(inferred)	གལ་ཏེ་བྱང་ཆུབ་སེམས་དཔའི་ཐེག་པ་ལ་ཡང་དག་པར་ཞུགས་ཞེས་
175	269,270,271,272	269:མར་མེ་མཛད་ལས་གདམས་ངག | 270:གལ་ཏེ་དེ་བཞིན་གཤེགས་པས | 271:ལྟར་དེ་བཞིན་གཤེགས་པར་འགྱུར | 272:(inferred)	གལ་ཏེ་མངོན་པར་རྫོགས་པར་སངས་རྒྱས་པ་མེད་ན་དེས་ཇི་ལྟར
176			ཡང་དག་པར་རྫོགས་པའི་བྱང་ཆུབ་ཀྱི་ཕྱིར་གདམས་ངག་ཡོངས་ས
177	273	273:རབ་འབྱོར་དེ་བཞིན་གཤེགས་པ	གལ་ཏེ་དེ་བཞིན་གཤེགས་པས་བླ་ན་མེད་པ་ཡང་དག་པར་རྫོགས་པ
178	274,275,276,277,278	274:རབ་འབྱོར་གང་ལ་ལ་ཞིག | 275:(inferred) | 276:(inferred) | 277:(inferred) | 278:དེ་བཞིན་གཤེགས་ཆོས་རྣམས་ཀུན	དོན་དམ་པ་ལ་བརྟེན་ནས་དེ་མངོན་པར་རྫོགས་པར་སངས་རྒྱས་ས
179	279,280	279:རབ་འབྱོར་ཆོས་ཐམས་ཅད་ཅེས | 280:(inferred)	གལ་ཏེ་ཆོས་འདི་དག་མ་སྐྱེས་པ་ཁོ་ན་ཡིན་ན། འོ་ན་ཇི་ལྟར
180	281	281:འདི་ལྟ་སྟེ་དཔེར་ན་ཞེས	གལ་ཏེ་བཅོམ་ལྡན་འདས་ཀྱི་མངོན་པར་རྫོགས་པར་སངས་རྒྱས་པ
181	282	282:པ་རབ་འབྱོར་གྱིས་བཅོམ་ལྡན	དགོངས་པ་ནི་འདི་ཡིན་ཏེ། བྱང་ཆུབ་སེམས་དཔའི་མངོན་པར་ར
182	283,284,285	283:ལུས་དང་ལྡན་ཞིང་ལུས་ཆེན | 284:(inferred) | 285:ཆུབ་སེམས་དཔའ་གང་ཞེས་བྱ	ལུས་དང་ལྡན་ཞིང་ལུས་ཆེན་པོ་ཞེས་མཚན་མ་ཙམ་ཞིག་ཡོངས་སུ
183	286,287,288	286:བྱ་བའི་ཆོས་དེ་གང་ཡང | 287:(inferred) | 288:(inferred)	འདིས་ནི་གང་འདི་སྙམ་དུ་བདག་གིས་སེམས་ཅན་རྣམས་ཡོངས་སུ
184			འདི་མན་ཆད་ནི་སངས་རྒྱས་ཀྱི་ཡོངས་སུ་བཙལ་བ་ཡིན་ཏེ། སང
185	289,290,291	289:རབ་འབྱོར་བྱང་ཆུབ་སེམས་དཔའ | 290:(inferred) | 291:(inferred)	དེ་ལ་གལ་ཏེ་བྱང་ཆུབ་སེམས་དཔའ་ཞེས་བྱ་བའི་ཆོས་དེ་གང་ཡ
186	292	292:རབ་འབྱོར་བྱང་ཆུབ་སེམས་དཔའ	ཅི་འདྲ་བ་ལ་བྱང་ཆུབ་སེམས་དཔའ་ཞེས་བྱ་སྙམ་པ་ལ། རབ་འབྱ
187			གལ་ཏེ་བྱང་ཆུབ་སེམས་དཔའ་ཞེས་བྱ་བའི་ཆོས་དེ་གང་ཡང་མེད
188	293,294,295,296,297	293:རབ་འབྱོར་འདི་ཇི་སྙམ་དུ | 294:(inferred) | 295:(inferred) | 296:(inferred) | 297:(inferred)	དེ་བས་ན་འཁོར་འདུས་པ་གང་དེ་སྙམ་དུ་རྣམ་པར་རྟོག་པར་འག
189	298,299,300,301,302,303,304,305,306,307,308,309	298:(inferred) | 299:(inferred) | 300:(inferred) | 301:ཤེས་རབ་ཀྱི་སྤྱན་མངའོ་ཀུན | 302:(inferred) | 303:(inferred) | 304:(inferred) | 305:(inferred) | 306:(inferred) | 307:(inferred) | 308:(inferred) | 309:(inferred)	གང་ཟག་དང་ཆོས་ལ་བདག་མེད་པའི་ཡུལ་ལ་ནི་ཤེས་རབ་ཀྱི་སྤྱ
190	310	310:རབ་འབྱོར་འདི་ཇི་སྙམ་དུ	མཁྱེན་པ་རྣམ་པར་དག་པ་བརྗོད་པའི་ཕྱིར། རབ་འབྱོར་འདི་ཇ
191	311,312,313,314	311:དེ་སྙེད་ཀྱི་འཇིག་རྟེན་གྱི | 312:(inferred) | 313:(inferred) | 314:(inferred)	དེ་སྙེད་ཀྱི་འཇིག་རྟེན་གྱི་ཁམས་ཞེས་བྱ་བ་ནི་མཚོན་པ་ས
192	315	315:སེམས་ཀྱི་རྒྱུན་སེམས་ཀྱི་རྒྱུན	ཤའི་སྤྱན་ལ་སོགས་པ་ཡང་གཅིག་དང་དུ་མའི་རང་བཞིན་གྱིས་ད
193	316,317,318,319	316:སེམས་ཀྱི་རྒྱུན་ཞེས་བྱའོ་ཞེས | 317:(inferred) | 318:(inferred) | 319:(inferred)	རང་བཞིན་མེད་དུ་ཟིན་ཀྱང་ཀུན་རྫོབ་ལ་བརྟེན་ནས་གསུངས་ཏ
194			གལ་ཏེ་དུས་གསུམ་གྱི་སེམས་མེད་ན་དེའི་ཚེ་བསོད་ནམས་ཀྱི
195	320	320:རབ་འབྱོར་འདི་ཇི་སྙམ་དུ	དེ་བས་ན་དེ་བཞིན་གཤེགས་པའི་བསོད་ནམས་ཀྱི་ཕུང་པོ་ལ་མང
196	321,322,323,324,325	321:རིགས་ཀྱི་བུའམ་རིགས་ཀྱི་བུ | 322:(inferred) | 323:(inferred) | 324:(inferred) | 325:བསོད་ནམས་ཀྱི་ཕུང་པོ་དོན	འདིས་ནི་རིགས་ཀྱི་བུའམ་རིགས་ཀྱི་བུ་མོ་ཐ་ན་གང་ཕྱིའི་
197	326	326:རབ་འབྱོར་གལ་ཏེ་ཞེས་བྱ	བསོད་ནམས་ཀྱི་ཕུང་པོ་དོན་དམ་པར་ཡོད་པར་ཅིའི་ཕྱིར་རྣམ
198			དེ་བཞིན་གཤེགས་པ་མི་གསུང་ངོ་ཞེས་བྱ་བ་ནི་དོན་དམ་པར་བ
199			གལ་ཏེ་བསོད་ནམས་ཀྱི་ཕུང་པོ་མེད་པ་ཉིད་ཡིན་ན། དེའི་ཚེ
200	327	327:རབ་འབྱོར་འདི་ཇི་སྙམ་དུ	དེ་བས་ན་དེ་བཞིན་གཤེགས་པའི་སྐུ་ཕུན་སུམ་ཚོགས་པ་རྣམ་པ
201	328,329,330	328:གཟུགས་ཀྱི་སྐུ་ཡོངས་སུ་གྲུབ | 329:(inferred) | 330:གཟུགས་ཀྱི་སྐུ་ཡོངས་སུ་གྲུབ	མཚན་གྱི་སྐུ་ནི་འོག་ནས་འཆད་དེ་བ་ལང་དང་གླང་ཞེས་བྱ་བའ
202	331,332,333,334,335,336,337,338	331:གཟུགས་ཀྱི་སྐུ་ཡོངས་སུ་གྲུབ | 332:(inferred) | 333:(inferred) | 334:བཞིན་གཤེགས་པར་བལྟ་བར་མི | 335:(inferred) | 336:(inferred) | 337:(inferred) | 338:(inferred)	འོ་ན་དེ་བཞིན་གཤེགས་པ་རྣམས་ཀྱི་གཟུགས་ཀྱི་སྐུ་ཇི་ལྟར
203			གལ་ཏེ་གཟུགས་ཀྱི་སྐུ་ཡོངས་སུ་གྲུབ་པས་དེ་བཞིན་གཤེགས་
204	339	339:རབ་འབྱོར་འདི་ཇི་སྙམ་དུ	དེ་བས་ན་བྱང་ཆུབ་སེམས་དཔས་དེ་བཞིན་གཤེགས་པའི་གསུང་ཕུ
205	340,341,342	340:དེ་བཞིན་གཤེགས་པ་འདི་སྙམ | 341:(inferred) | 342:(inferred)	དོན་དམ་པར་འཆད་པ་པོ་དང་། བཤད་པར་བྱ་བ་དང་། བཤད་པ་མེད
206	343	343:ཆོས་བསྟན་པ་ཞེས་བྱ་བ	གལ་ཏེ་བཤད་པ་ལ་སོགས་པ་གསུམ་པོ་དེ་མེད་ན་གང་ཟག་དང་ཆོས
207			དེ་བས་ན་རྗེས་སུ་འགྲོ་བ་མེད་པས་རང་གི་མཚན་ཉིད་ཀྱང་བར
208			ཐུགས་ཕུན་སུམ་ཚོགས་པ་ནི་རྣམ་པ་ཐ་དད་པ་བདུན་ཏེ། དྲན་པ
209	344,345	344:(inferred) | 345:བཅོམ་ལྡན་འདས་ཀྱིས་ཀྱང་མ	དེ་ལ་ད་ནི་ཆོས་ཟབ་མོ་འདི་ལྟ་བུ་མ་འོངས་པའི་དུས་ན་ལྟ་
210	346,347	346:རབ་འབྱོར་དེ་དག་ནི་ཞེས | 347:སེམས་ཅན་རྣམས་ལ་བཅོམ་ལྡན	བཅོམ་ལྡན་འདས་ཀྱིས་ཀྱང་མ་འོངས་པའི་དུས་ན་ཚུལ་ཁྲིམས་ད
211			དེ་དག་སེམས་ཅན་མེད་པར་གསུངས་པའི་ཕྱིར་ཏེ་ཞེས་བྱ་བ་ནི
212	348	348:དེ་བས་ན་ཀུན་རྫོབ་ཏུ	ཀུན་རྫོབ་ཏུ་རྣམ་པར་གནས་པའི་ཕུང་པོའི་ངོ་བོ་ཡོད་པ་ལ་
213			གལ་ཏེ་བཅོམ་ལྡན་འདས་ཀྱིས་ཆོས་བསྟན་པ་གང་ཡང་མེད་ན་དེའ
214	349,350,351,352,353	349:རབ་འབྱོར་འདི་ཇི་སྙམ་དུ | 350:(inferred) | 351:(inferred) | 352:(inferred) | 353:ཅུང་ཟད་ཀྱང་ཞེས་བྱ་བ	ཇི་སྙེད་ཆོས་མངོན་པར་རྫོགས་པར་སངས་རྒྱས་པར་འདོད་ན་དེ
215	354,355	354:བླ་ན་མེད་པ་ཡང་དག | 355:ཡང་རབ་འབྱོར་ཞེས་བྱ་བ	ཡེ་ཤེས་གང་ལ་བཞུགས་པ་ན་བཅོམ་ལྡན་འདས་ཀྱིས་རང་གི་མཚན་
216			ཆོས་དེ་ནི་མཉམ་པ་སྟེ་ཞེས་བྱ་བ་ནི་དེས་རྟོགས་པའི་ཆོས་
217	356,357	356:མཉམ་པ་གང་ཡང་མེད་ཅེས | 357:(inferred)	མི་མཉམ་པ་གང་ཡང་མེད་ཅེས་བྱ་བ་ནི་ཐམས་ཅད་དུ་དེ་ཕྱིན་ཅ
218	358	358:དགེ་བའི་ཆོས་ཐམས་ཅད་ཀྱིས	དེ་ཇི་ལྟར་མངོན་པར་རྫོགས་པར་འཚང་རྒྱ་སྙམ་པ་ལ། དགེ་བའ
219	359	359:དགེ་བའི་ཆོས་རྣམས་ཞེས་བྱ	གལ་ཏེ་མེད་པའི་ཕྱིར་ཆོས་ཅུང་ཟད་ཀྱང་མི་དམིགས་ན་དགེ་བ
220	360	360:དགེ་བའི་ཆོས་རྣམས་ཞེས་གསུངས	ཀུན་རྫོབ་ཏུ་ནི་ཡོད་པས་དགེ་བའི་ཆོས་རྣམས་ཞེས་གསུངས་ཏ
221	361	361:ཡང་རབ་འབྱོར་ཅེས་བྱ་བ	བཅོམ་ལྡན་འདས་ཀྱི་ཡང་དག་པར་རྫོགས་པའི་བྱང་ཆུབ་དེ་ཇི་
222			རིའི་རྒྱལ་པོ་རི་རབ་ཅེས་བྱ་བ་ནི་མཚོན་པ་སྟེ། འཇིག་རྟ
223	362	362:རབ་འབྱོར་འདི་ཇི་སྙམ་དུ	བཅོམ་ལྡན་འདས་འཇིག་རྟེན་ལས་འདས་པའི་ཡེ་ཤེས་ལ་བཞུགས་པ
224	363	363:རབ་འབྱོར་དེ་ལྟར་མི་བལྟའོ	དྲིས་ནས་ལན་ལ་མ་བཞེངས་ཏེ། རིངས་པར་བྱ་བ་དང་ལྡན་པ་ལྟར
225	364,365,366	364:དེ་བཞིན་གཤེགས་པས་བཀྲོལ་བའི | 365:(inferred) | 366:(inferred)	ཅི་སེམས་ཅན་ནི་ཡོད་པ་ཉིད་ཡིན་ན་ཀུན་ནས་ཉོན་མོངས་པའི་
226	367	367:རབ་འབྱོར་བདག་ཏུ་འཛིན་པ	བདག་མེད་དུ་ཟིན་ཀྱང་བདག་ཏུ་འཛིན་པ་སྟེ། བདག་ཏུ་ལྟ་བའ
227	368,369	368:བྱིས་པ་སོ་སོའི་སྐྱེ་བོ | 369:བྱིས་པ་སོ་སོའི་སྐྱེ་བོ	དེ་ཙམ་གྱིས་བདེན་པར་མི་འགྱུར་གྱི་ཐལ་བར་འགྱུར་ཏེ། བད
228	370,371,372,373,374,375,376	370:རབ་འབྱོར་འདི་ཇི་སྙམ་དུ | 371:(inferred) | 372:རབ་འབྱོར་གྱིས་དེ་ནི་མ | 373:(inferred) | 374:(inferred) | 375:(inferred) | 376:རབ་འབྱོར་གལ་ཏེ་ཞེས་བྱ	གལ་ཏེ་བྱིས་པ་སོ་སོའི་སྐྱེ་བོ་རྣམས་མེད་ན་དེ་བཞིན་གཤ
229	377,378,379,380	377:དེ་བས་ན་དེ་བཞིན་གཤེགས | 378:(inferred) | 379:(inferred) | 380:(inferred)	གལ་ཏེ་དེ་བཞིན་གཤེགས་པ་མཚན་ཕུན་སུམ་ཚོགས་པ་ཙམ་གྱིས་ར
230			དེ་ལ་ཚིགས་སུ་བཅད་པ་གོང་མས་ནི་ཇི་ལྟར་དེ་བཞིན་གཤེགས་
231	381,382,383	381:(inferred) | 382:(inferred) | 383:(inferred)	ཇི་ལྟར་བལྟ་བར་མི་བྱ་ཞེ་ན། མཐོང་བ་ལ་སོགས་པས་ཐ་སྙད་འ
232	384	384:(inferred)	དུས་ཐམས་ཅད་ན་དེ་བཞིན་དུ་ཡོད་པས་དེ་བཞིན་ཉིད་དོ། །དེ
233	385,386,387	385:(inferred) | 386:ལྟར་བལྟ་བར་མི་བྱ་ཞེ | 387:མཚན་ཕུན་སུམ་ཚོགས་པའི་རང	དེ་བཞིན་གཤེགས་པ་མཚན་ཕུན་སུམ་ཚོགས་པའི་རང་བཞིན་མ་ཡིན
234			གལ་ཏེ་དོན་དམ་པར་ཆོས་ཐམས་ཅད་མེད་པའི་ཕྱིར་ཆོས་ཉིད་དེ
235	388,389,390	388:འདི་སྙམ་དུ་བྱང་ཆུབ་སེམས | 389:(inferred) | 390:(inferred)	དེའི་ཕྱིར་དེ་བཞིན་གཤེགས་པ་ཡང་མེད་པས་མི་གནས་པའི་མྱ་
236			བདག་མེད་པ་ཞེས་བྱ་བ་ནི་སྒྱུ་མ་བཞིན་དུ་གཞན་གྱི་དབང་ག
237			དངོས་པོའི་ངོ་བོ་ཉིད་དེ་གྲུབ་པ་ན་རྒྱུ་མེད་པ་ཉིད་ཀྱི
238			དེ་ལྟ་མ་ཡིན་ན་ནི་བྱེད་པ་མ་ཡིན་པ་ཞིག་པའི་དངོས་པོ་རྣ
239			འདི་ལྟར་དབང་པོ་འདི་དག་ཆད་མིན་ཏེ། །ངོ་བོ་ཉིད་ཀྱིས་བ
240	391	391:བྱང་ཆུབ་སེམས་དཔས་ཇི་ལྟར	དམ་པའི་དོན་དུ་རང་བཞིན་མེད། །ཅེས་ཀྱང་གསུངས་སོ། །གལ་
241			འདིས་ནི་གང་བསོད་ནམས་ཀྱི་ཕུང་པོ་བསྐྱེད་དུ་ཟིན་ཀྱང་ཕ
242	392,393,394	392:པ་རབ་འབྱོར་གྱིས་དགོངས་པ | 393:བཅོམ་ལྡན་འདས་ཀྱིས་ཀྱང་དགོངས | 394:(inferred)	གཞན་དག་གི་རྣམ་པར་རྟོག་པ་བསལ་བའི་ཕྱིར་འཕགས་པ་རབ་འབྱ
243			བཞུགས་པ་ཡོངས་སུ་དག་པར་བརྗོད་པར་བྱའོ། །དེ་ཡང་རྣམ་པ་
244	395,396	395:ཡང་རབ་འབྱོར་གང་ལ་ལ | 396:བཞིན་གཤེགས་པ་ཞེས་བྱ་བ	དེ་ལ་གལ་ཏེ་སངས་རྒྱས་ནི་ཆོས་ཀྱི་སྐུར་བལྟའི་གཟུགས་ཀྱ
245	397	397:དེ་བཞིན་གཤེགས་པའོ་དེ་ཡང	འདིར་ལན་དུ་དེ་བཞིན་གཤེགས་པ་ཞེས་བྱ་བ་ལ་སོགས་པ་གསུངས
246			ཡང་དག་པར་རྫོགས་པར་ཐུགས་སུ་ཆུད་པར་གྱུར་པས་ཡང་དག་པར་
247	398,399,400	398:འཇིག་རྟེན་གྱི་ཁམས་མཐའ་ཡས | 399:(inferred) | 400:(inferred)	འདི་ལྟ་སྟེ་དཔེར་ན་རྡུལ་ཕྲ་རབ་ཀྱི་ཚོགས་བཞིན་དུ་ཕྱེ་
248	401	401:བཅོམ་ལྡན་འདས་གལ་ཏེ་ཞེས	རྡུལ་ཕྲ་རབ་རྣམས་ཕྱོགས་ཆ་ཐ་དད་པའི་ཕྱིར་གྲུབ་པ་མེད་པ
249	402	402:ན་བཅོམ་ལྡན་འདས་ཀྱིས་རྡུལ	གལ་ཏེ་ཚོགས་མེད་ན་བཅོམ་ལྡན་འདས་ཀྱིས་རྡུལ་ཕྲ་རབ་ཀྱི་
250	403	403:ན་རྡུལ་ཕྲ་རབ་ཀྱི་ཚོགས	གཅིག་པུར་འཛིན་པ་བསལ་བའི་ཕྱིར་གསུངས་པ་ཙམ་དུ་ཟད་དེ། 
251	404,405,406	404:སྟོང་གསུམ་གྱི་སྟོང་ཆེན་པོའི | 405:(inferred) | 406:བཅོམ་ལྡན་འདས་གལ་ཏེ་ཞེས	ད་ནི་སེམས་ཅན་གྱི་འཇིག་རྟེན་རྣམ་པར་གཞིག་པས་བཞུགས་པའ
252	407	407:(inferred)	ལན་དུ་བཅོམ་ལྡན་འདས་གལ་ཏེ་ཞེས་བྱ་བ་ལ་སོགས་པ་སྨྲས་སོ
253	408,409	408:དེས་ན་རིལ་པོར་འཛིན་པ | 409:བཅོམ་ལྡན་འདས་ཀྱིས་དོན་དེ	སྐྱེ་བོ་བྱིས་པ་རྣམས་ལ་གྲགས་པའི་ངོ་བོར་ཀུན་རྫོབ་ཏུ་
254	410,411,412,413,414	410:ཆོས་དེ་ནི་བརྗོད་དུ་མེད | 411:(inferred) | 412:(inferred) | 413:(inferred) | 414:(inferred)	ཅི་སྟོན་ཅེ་ན། ཐ་སྙད་དུ་རིལ་པོ་འཛིན་པ་ཞེས་བྱ་བ་ནི་ད
255	415,416	415:བདག་ཏུ་ལྟ་བ་དེ་རྣམ | 416:(inferred)	བདག་ཏུ་ལྟ་བ་དེ་རྣམ་པར་བཤིག་པས་ཆོས་ལ་བདག་མེད་པར་འཇོ
256	417	417:རབ་འབྱོར་འདི་ལྟར་བྱང་ཆུབ	རབ་འབྱོར་འདི་ལྟར་བྱང་ཆུབ་སེམས་དཔའི་ཐེག་པ་ལ་ཡང་དག་པ
257	418	418:ཅི་ནས་ཆོས་སུ་འདུ་ཤེས	ཅི་ནས་ཆོས་སུ་འདུ་ཤེས་པ་ལ་ཡང་མི་གནས་པ་དེ་ལྟར་མོས་པར
258	419,420	419:ཞེས་བྱ་བ་འདིས་ནི་རྣམ | 420:ན་ཆོས་སུ་འདུ་ཤེས་པས	དེ་འདུ་ཤེས་མེད་པར་དེ་བཞིན་གཤེགས་པ་གསུངས་ཞེས་བྱ་བ་ན
259	421	421:(inferred)	དེ་ལ་གལ་ཏེ་ཆོས་སུ་འདུ་ཤེས་མེད་ན་དེའི་ཚེ་དེ་བཞིན་གཤ
260	422,423	422:ཇི་ལྟར་ཡང་དག་པར་རབ | 423:(inferred)	བཤད་མོད་ཀྱི་ཇི་ལྟར་ཀུན་ནས་ཉོན་མོངས་པར་མི་འགྱུར་བ་ད
261	424	424:(inferred)	ད་ནི་ཤེས་རབ་ཀྱི་ཕ་རོལ་ཏུ་ཕྱིན་པའི་ལུས་མཐའ་དག་རྣམ་པ
262			སྒྱུ་མའི་དཔེས་ནི་རོ་མྱང་བའི་ཡུལ་གྱི་མཚན་ཉིད་ཡོངས་ས
263			དེ་ལ་ངེས་པར་འབྱུང་བ་རྗེས་སུ་རྟོགས་པའི་མཚན་ཉིད་ནི་ག
264			དེ་བས་འདི་མཐའ་དག་གིས་ནི། འདི་ལ་བྱང་ཆུབ་སེམས་དཔའ་རྟ
